negative	업데이트 도 되 지 않 고 갑자기 앱 실행 도 안 되 네요 롯데 닷컴 이용 말 라는 건지 ㅠㅜ 예전 앱 도 실행 되 게 해 주 고 업데이트 는 선택 으로 해 주 세요 업데이트 되 지 않 는 기기 도 고려 해서 요 오늘 앱 으로 꼭 구입 핦 제품 이 있 는 데 사 지 말 라는 건지
negative	어 플 이 먹통 이 네요 업데이트 하 라 해서 업 뎃눌렸더니 더 이상 실행 되 지 않 고 그대로 입니다 배송 이 잘못 와서 교환 신청 해야 하 는데 안 되 서 속상하 네요 배송 도 잘못 보내 주 시 고 고객 센터 는 연결 안 되 고 어 플 은 실행 안 되 고 왜 이럴까 요 ?
positive	빠른 신상품 안내 와 날 마다 다른 할인 특가 로 잊어버린 쿠폰 까지 챙겨 주 셔서 감사 드려 욥 ~
negative	왜 갑자기 어 플 실행 이 안 되 나요 . 오늘 주문 해야 하 는 상품 이 있 는데 어 플 이 먹통 . 지웠 다 다시 깔 아도 안 됩니다 . 답답 해요
negative	업 뎃 이후 면 다시 알람 이 설정 되 는 쓰레기 앱
negative	쓰레기 같 은 어 플 모바일 인터넷 에서 하 는 게 더 렉 안 걸림 어 플 만들 거 면 좀 똑바로 만들 던가 어이없 네
positive	쇼핑 하 기 좋 아요
positive	1 개 를 사도 무료 배송 이 되 는 데 다가 할인 까지 되 니 1 석 2 조 네
positive	품 적당 하 고 두께 가 도톰 하 군요 요새 기온 이 올라가 는데 지금 입 으면 딱 좋 습니다
negative	이용 하 다 화 가 나 서 처음 으로 어 플 후기 남 깁니다 . 이런 UI / UX 로 오픈 했 다는 게 말 이 안 됩니다 . . 오픈 한지 한참 됐 는데 도 아직 도 혹평 이 난무 하 는데 VOC 체 킹 안 하 나요 ?
positive	굿 이 요 . ^^
negative	앱 이 사용 중 팅 김 . 누르 지 도 않 았 는데 자동 으로 실행 되 기 도 함
negative	반품 접수 버튼 만 누르 면 앱 먹통 반품 처리 를 할 수 가 없 네요 다른 건 다 되 는데 반품 접수 만 안 되 는 이유 는 뭔데요 ㅡㅡ 3 일 내 도록 안 되 네요
positive	굿
negative	아니 자기 들 이 품절 로 상품 취소 요청 했 으면서 보내 준 링크 클릭 해 보 니 앱 설치 하 라네 ? ?
negative	배송지 입력 해도 안 뜨 고 로그인 도 잘 안 되 네요
negative	쇼핑 어 플 이 이렇게 자주 먹통 이 되 서 야 물건 을 팔 겠 다는 건지 말 겠 다는 건지 . . 돈 좀 더 써서 앱 개발자 좀 바꾸 지 . ..
positive	사용 하 기 편리 합니다 .
negative	다른 데 보다 저렴 한 건 거의 아예 없 는 수준 그냥 매달 2900 원 씩 나가 요 . 여기 선 거의 구매 를 안 하 게 됩니다 .
negative	검색 후 뒤 로 가 면 이전 조회 화면 이 아닌 다른 화면 나옴 . 자동 로 그인 안 됨 . 등등 . 머 이런 앱 이 있 나 싶 음 . 타사 앱 이랑 너무 비교 됨 . 한번 쓰 구 불편 해서 지울 계획
positive	롯데 응원 합니다 !
negative	스크롤 할 때 마다 오른쪽 하단 에 있 는 c 버튼 같 은 게 눌려서 마이크 켜 지 는 게 너무 빡 이치 네요 개선 좀 해 주 세요 ㅎㅎ
negative	앱 이 들 어 가지 기 만 하 고 실행 이 안 되 네요 ㅠㅠ
negative	여기 취소 환불 방법 도 안 써져 있 고 버튼 도 없 고 들어갈 때 마다 로그인 해야 되 고 평점 보 고 쓸 껄 그랬 어요 너무 구려 서 못 쓰 겠 어요 . 그리고 취소 안 돼서 5 천 원 날리 게 생겼 네요
negative	아무것 도 안 샀 고 앱 도 없 엇 는데 카톡 으로 구매 알림 와서 놀 랏 네요 . . 구매 내역 에 없 고 지출 된 것 도 없 는데 그냥 두 면 되 나요
positive	매우 만족 함 상품 이 최상품 으로 받 아서 좋 아요
negative	업데이트 안 해도 좀 쓰 게 하 라고 ! 별것 도 없 으면서
positive	밝 은 곳 에서 보 면 진 밤색 이 너무 고급 스럽 고 가죽 이 며 사이즈 가 넘 예 뿌요 ~~~^^
negative	아동 의류 - 여아 의류 카테고리 에 왜 성인 여성 의류 들 이 수도 없이 포함 되 어 있 나요 . 안 그래도 어 플 업데이트 될 때 마다 상품 검색 이 너무 힘들 어 지 는데 아이 옷 보 려고 들어가 면 어른 옷 만 잔뜩 떠서 쇼핑 하 기 가 번거 로워요 . 조치 해 주 세요 ~
positive	최고
positive	카페 같 은 분위기 나 요 가격 대비 넘 좋 아요 ~
positive	기대 이상 예뻐요 ~
negative	휴 ~~ 바로 구매 누르 면 주 문서 작성 중 이 라고 계속 로딩 중 ㅠㅠ미춰 돌 아 버릴 듯
negative	와 진짜 별로 다 결제 10 번 다 실패 버벅 대 고 안 뜨 고 도랏 나 . .
positive	저 는 롯데 온 어 플 쓰 기 편 해용 ! !
positive	좋 아요
negative	자동 로그인 이 매번 풀리 는 이유 좀 ㅋㅋ ㅋㅋ 설마 몰 이동 해서 그렇 다면 몰 이 동 왜 만든 건지 도 설명 좀 ㅋㅋ ㅋㅋ
positive	앱 전용 할인 혜택 때문 에 자주 이용 하 네요
negative	인터넷 에서 롯데 닷컴 웹 사이트 들어가 려고 하 면 롯데 닷컴 어 플 이 자동 실행 되 는 거 같 은데 롯데 닷컴 어 플 을 지워도 자동 실행 시도 합니다 . 앱 이 없 으니 당연히 화면 전환 되 려다가 꺼져 버립니다 . 롯데 닷컴 은 모바일 전용 웹 사이트 가 없 어서 어 플로 자동 실행 되 는 건가요 ? 이거 해제 하 고 싶 은데 어떻게 하 는 거 죠
negative	짜증 날 정도 로 느림
positive	주문 할 때 살짝 불편 하 긴 한데 막상 제품 받 으면 만족도 는 항상 양호 하 다
negative	업데이트 후 넘 불편 해요 ㅜㅜㅜㅜ
positive	조음
negative	오류 가 해결 되 서 이전 별점 수정 합니다 ㅋ 지금 은 잘 되 고 있 어요
positive	물건 이 좋 은 게 다양 하 게 만 다
negative	필터 적용 해서 상품 보 기 가 불 펀 함
negative	" 친구 에게 생일 선물 로 향수 를 보냈 습니다 . 전화 번호 이름 주소 제대로 정확히 기입 했 구요 . 몇 번 이 고 확인 까지 했 습니다 . 택배 기사 님 친구 아침 에 일 하 는데 "" 롯데 택배 인데요 몇 동 몇 호 신데요 "" 이런 시비조 로 말씀 하 셨 다 하 시 더라구요 ? 예 , 물론 문자 로 감정 표현 에 와전 이 있 을 수 있 다고 생각 합니다 . 그런데 당사자 는 배송 받 지 도 어디 있 는지 조 차 모르 는 제품 은 왜 배송 완료 가 된 거 죠 ? 택배 기사 님 은 연락 도 안 받 으시 구요 ? 송장 번호 문자 내용 배송 완료 처리 되 어 있 는 부분 까지 캡쳐 본 다 있 구요 . 판매 에 만 신경 쓰 지 마시 고 이러 한 배송 부분 까지 세심 한 신경 을 부탁 드립 니 . .. 전체 리뷰 "
negative	업데이트 강요 해서 짜증 나 네요 허구 한 날 업 뎃 하 고 업 뎃 안 하 면 앱 사용 도 못 하 게 하 고 ㅡㅡ
negative	맞 는 아이디 를 틀리 다고 계속 뜬다 ㅡ
negative	상품 설명 과 배송 된 상품 이 달라
positive	아주 예쁜 밝 은 블루 ~ 기본 색상 폴라 다 있 어서 주문 한 건데 아주 예뻐요 두께 도 도톰 해서 좋 구 걘 적 으로 모크 넥 싫 어 하 는데 목 충부 히 올라오 는 니트 입니다 가성 비 최고 네요 ! !
negative	갑자기 출석 체크 기능 이 왜 사라졌 나요 ? 애써 모아 놨던 클로버 다 쓰 지 도 못했 는데 ? ?????
positive	유용 한 쇼핑
negative	비밀 번호 설정 하 다 제거 중 ㅠ
positive	저렴 하 게 구입 하 기 아주 좋 아요
negative	아니 뭐 결제 오류 가 이렇게 많 나요
positive	화면 에서 본 거 랑 똑 같 구요 ~~ 이월 상품 이 라 저렴 하 게 잘 구매 했 습니다 싸이 즈 는 평균 싸이 즈 이 구요 올 겨울 잘 신 을 수 있 겠 습니다 좋 은 상품 감사 합니다
positive	귀 저기 저렴 하 게 구매 했어요
positive	믿 고 구매 할 수 있 어요 ^^
positive	사용 하 기 만족 합니다 .
negative	일단 주문 후 에 변경 및 취소 가 불가 . 앱 이 든 폰 버 젼 이 든 . 이건 분명 하 다 본사 담당자 일 안함
negative	다운로드 안 되 고 개 불편 . ㅠ
positive	원 하 는 상품 발품 안 팔 아도 되 고 집 까지 안 전하 게 배송 ^^~ 할인 까지 덤 으로 ~ 완전 좋 아요
positive	다른 사이트 에 비해 비싸 요 그렇지만 물건 도 다양 하 고 상품 이 좋 아요
positive	좋 아요
positive	믿 고 사 는
positive	매우 만족 합니다 .
positive	홈 쇼핑 하 기 좋 은 곳 ^^
negative	업데이트 를 안 하 면 앱 자체 를 이용 하 지 못하 게 해놨 네요 ? 웬 자신감 인지 . . 이번 에 필요 한 것 만 해결 하 고 더 안 쓰 렵니다 .
positive	굿
positive	종종 특가 도 해서 좋 게 좋 게 이용 중 에 있 습니다 .
negative	그냥 쇼핑몰 앱 이 다 . 그런데 왜 주문 확인 시 마다 앱 설치 모드 로 들어가 는 거 야 . 젠장
negative	알림 채널 을 하나 를 안 쓰 고 계속 새 거 로 만들 어 쓰 나요 ? 계속 오 는 알림 길 게 눌러서 해당 채널 을 안 받 기 로 바꿔 도 새로운 채널 로 광고 계속 보내 네요 . ㅡㅡ 안드로이드 P OS 부터 는 채널 을 설정 해야 될 텐데 , 기존 방식 대로 하나 보 죠 ?
negative	배송 빨랐 어요 소 모유 유산균 이 고 너무 달 아 상품 은 별 1 개 입니다
positive	종종 특가 도 해서 좋 게 좋 게 이용 중 에 있 습니다 .
negative	알림 설정 을 무음 으로 바꾸 는 데 도 계속 새 채널 로 들어와서 앱 삭제 합니다 . 평가 보 니까 저 랑 같 은 의견 주 시 는 분 들 있 는데 아직 까지 개선 할 의지 가 없 는 걸 보 면 그냥 이대로 가 려고 하 는 듯 하 네요 . 다른 쇼핑몰 들 이 바보 라서 무음 알림 되게 하 는 게 아닐 텐데요 . 쇼핑 소식 받 아 보 고 구매 하 려는 소비자 들 이 있 는데 세심 하 게 의견 반영 되 지 않 는 게 아쉽 습니다 . 앞 으로 롯데 에서 는 안 살 것 같 네요 .
negative	알림 설정 소리 안 나 게 변경 해도 계속 채널 바꿔서 치 고 들어오 네요 . 알림 아예 껐 습니다 . 이것 도 무단 변경 하 면 앱 삭제 하 고 구글 에 신고 하 겠 습니다
negative	지금 카드 할 인 들 이 삼성 . 국민 . 농협 . 롯데카드 만 계속 돌 고 도 는데 한 달 다 대감 ㅡㅡ ;; 비씨카드 나 신한 카드 안 하 냐 전화 문의 하 니 모바일 이 좀 문제 있 어서 업 뎃이안됫다고하구 언제 되 는 건가요 카드 사 할 인 해택 을 제한 한 것 인지 ! !!! 롯데 닷컴 안 쓰 게 만드 네요 ! !
positive	좋 음
positive	잘 받 았 고 잘 맞 아요 ~ 고맙 습니다 . ..
negative	깔 고 사용 하 는데 또 업데이트 하 라 그러 고 광고 수신 하 라 그러 고 휴
negative	다른 쇼핑몰 보다 비싸 다 물건 이 다양 하 지 않 다
positive	아주 좋 은 쇼핑
positive	백화점 가 지 않 고 집 에서 편하 게 제품 받 아 볼 수 있 어 좋 아요
negative	환불 입금 좀 빨리 해 주 세요
negative	타 사이트 에 비해 비싼게 가끔 있 어요 . 그래서 사용 빈도 가 줄 었 어요
positive	좋 음
positive	좋 아용
negative	이게 뭐 예요 . . 잘 쓰 고 있 었 는데 . . 업 이 트 도 제거 도 설치 도 아무 것 도 안 되 요 .
positive	편리 해서 쓰 기 좋 아 ~~ 요 ㅋ
positive	좋 아요 ~~~~~~
negative	유료 멤버 쉽 까지 포기 하 고 지우 기 전 에 평가
negative	롯데 싫 음
positive	빠르 고 친절 한 배송 으로 물품 을 잘 받 았 으며 제품 를 보호 하 는 포장 도 단단 했 고 하 자 없 는 상품 이 고 보 니 가 성비 가 짱 ~! 입니다
negative	웹 이 든 앱 이 든 가입 자체 가 어렵 네요 . 그리고 주소지 변경 도 제대로 된 주소 검색 이 안 되 고 솔직히 싼 물건 있 어서 참고 주문 해 볼려고 하 고 있 는 건데 다음 엔 안 쓸 거 같 아요 . 왜 이렇게 복잡 하 게 만들 어 져 있 나요 ? 10 년 시스템 인 줄
positive	토리버치 랑 지방시 랑 다 거의 50 % 가까운 가격 으로 할인 되 네요
negative	로그인 조차 불 가능 하 다 . 이걸 사용 하 라고 만든 거 냐 ? 쇼핑몰 앱 수준 이 이런 수준 인데 무슨 구매 를 하 겠 냐 ?
positive	은근 가격 이 괜찮 음 . 혜택 이 쏠쏠 함 .
positive	제품 이 맘 에 들 었 습니다 바느질 도 꼼꼼 하 고 색상 도 원 하 던 그대로 라 좋 았 습니다
positive	저희 가 엘리베이터 가 없 는 아파트 라서 배달 해 주 신 게 정말 감사 했어요
negative	제품 에 하 자 가 너무 많 고 거기 에 대한 응대 또한 없 어서 어이없 음
positive	Good 입니다 ~~♧
positive	굿 ㅣ
positive	가격 대비 좋 은 상품
negative	편하 게 보 려고 받 은 앱 이 더 느려서 당황
negative	저번 에 너무 느리 다고 글 올렸 더니 며칠 뒤 에 바로 빨라졌 는데 . . 얼마 안 가 네요 ;; 요즘 엔 또 다시 느려졌 어요 💦 와 . . 진짜 쓰 고 싶 어도 쓰 질 못하 네요 , .. 각 카테고리 에서 밑 으로 내릴 때 , 뚝뚝 끊기 고 . . 내리 고 도 한 3 초 뒤 에 내려가 고 . . 그러 지 않 게 좀 자연 스럽 게 내려가 게 개선 해 주 세요 부탁 이 에요 . .....!
negative	와 진짜 너무 느리 고 오류 많 고 불편 합니다
negative	아무 메시지 도 없이 할인 쿠폰 받 기 는 안 되 는데 . .. 고객 센터 에서 는 . .. 어느 폰 인지 , 운영 체제 는 뭔지 묻 지 도 않 은 체 로 . .. 자기 는 되 니까 내 가 문제 라고 하 고 . .. 혹시나 해서 앱 지우 고 다시 깐 뒤 에 쿠폰 다운 받 으려니까 - 모바일 전용 쿠폰 이 니까 모바일 앱 을 다운 받 아서 다시 시도 하 라고 하 고 ㅋ . .. 다시 눌르 니까 똑같이 아무 반응 없 고 . .. 총체 적 난국 인 듯
negative	다운로드 가 안 돼요
positive	좋 아요 . 쎄 일 도 많 구
positive	편리 하 게 사용 하 고 있 는데 이벤트 가 많 았 으면 좋 겠 음
negative	업데이트 불가
positive	다양 한 컨텐츠
positive	배송 도 빠르 고 옷 품질 도 쵝오입니다 ~~ 담 에 도 또 구입 할 의사 있 습니다 ~~ 감사 합 니 당
positive	좋 아요
positive	굿 말 이 필요 하 겠 어요 ?
positive	빠른 배송 좋 아 욤
positive	싸 게 살 수 잇 어요
positive	찻잔 젤 저 렴 히 구매 했어요
negative	카테고리 정렬 이 없 어 져 너무 불편 하 고 렉 은 또 대박 작렬 ㅠ 앱 담당자 는 신세계 앱 담당자 한테 가 서 좀 배우 고 오 셈 ! 이걸 앱 이 라고 만든 겁니까 ? 최악 의 업 뎃 !
negative	로그인 오류 : 대체 앱 관리자 가 있 긴 하 고 , 리뷰 를 보 긴 하 나요 ? 같 은 내용 의 리뷰 가 수두룩 하 니 게재 가 되 었 는데 답글 도 없 고 , 오류 수정 도 안 되 고 . .. 로그인 오류 가 발생 해서 리뷰 가 올라오 기 시작 한 지 가 언제 인데 아직 까지 묵묵부답 , 롯데 닷컴 을 이용 하 지 말 라는 건지 ?
positive	나름 신속 정확 하 게 상품 도 좋 고 택배 도 좋 습니다
negative	아니 도대체 업데이트 한 번 할려고 몇 십 분 을 기다려야 하 는지요 업데이트 속도 가 너무 느려서 저 커 하 고 다시 설치 해도 먹통 도대체 누가 개발 한 건지 업데이트 안 하 고 싶 은데 안 하 면 접속 자체 가 안 되 니까 짜증 납니다
positive	조아 여
positive	조아 요
positive	실용 적 이 요 . .
positive	개인 적 으로 는 좋 아요
negative	결재 창 에서 화면 이 넘어가 지 않 아요 ᆢ매번ᆢ나름 단골 이 었 는데 이것 때문 에 화 가 나 서 요즘 이용 안 했 는데 오랜만 에 와 보 니 여전히 결재 가 안 되 네요 ᆢ최악의 앱 시스템 이 에요
negative	가끔 사용 합 니나
negative	최악 입니다 느리 고
positive	geiyoydour
positive	좋 아요
positive	좋 아요 좋 아
positive	좋 아요 ㅇ
negative	리뷰 쓰 기 위해 깔 았 습니다 누군가 가 결제 한 게 왜 저 한테 톡 이 오 는 거 죠 ? 저 한테 보낸 것 도 아닌데 . .. 잘못 온 거 같 은데 진짜 처음 봤 을 때 어이없 었 습니다
positive	다른 곳 보다 저렴 하 게 잘 구매 하 고 있 어요 ~
negative	비회원 으로 주문 하 시 려면 부디 신중 하 게 하 세요 . 돌이킬 수 없 습니다 .
positive	화장품 가격 진짜 저 렴 , 입생로랑 구매 했 어요 .
negative	쇼핑 앱 중 에 제일 느리 고 구림 아 ㅏㅏ주 경악 스러울 정도 로 구려 요 ! 이런 앱 에서 사 야 만 혜택 을 준다는 게 정말 . .. 전 자본주의 의 노예 니까 어쩔 수 없 지요 ㅎ
positive	빨리 받 아 봐야 하 는 상품 이 였 는데 배송 이 빨라서 이렇게 리뷰 도 남기 네요 ^^ 감사 합니다 .
positive	빠른 배송 감사
negative	최악 입니다 . 앱 구매 혜택 이 있 다고 로그인 을 하 라는 데 로그인 이 막히 면 어쩌 나요 .
negative	로 긴 이 자꾸 끊겨 요 ㅡㅡ
negative	별 하나 도 아까움 , 아 디비 번 바꾼 적 도 없 는데 불 일치 라니 @@ 쓰 지 말 란 건지
negative	반쪽 짜리 통합 . 단순 브라우저 기능 외 에 는 없 음 . 특정 이벤트 라던가 직접 앱 실행 이 필요 한 경우 해당 앱 으로 넘겨 주 는 경우 도 있 지만 아닌 경우 도 있 어서 일관 성 떨어짐 . 이 리뷰 는 롯데 닷컴 앱 에 작성 했 지만 실제로 7 개 앱 리뷰 를 다 쓴다면 다 마찬가지 .
negative	통합 되 서 좋 은가 했 는데 어 플 속도 는 엄청 느리 고 , 한 두 브랜드 빼 고 는 각각 어 플 로그인 해야 출 첵 등 가능 하 네요 . 단지 구매 를 위한 어 플 통합 과 이런 홈페이지 가 있 다 라는 것 만 알리 기 위해 통합 한 건가요 ? 속도 는 느리 더라도 어 플 들 을 합쳐야 하 는 거 아닌가요 ? 단지 판매 율 높이 려는 의도 밖 에 안 보이 네요
positive	오 통합 되 어 좋 으 네요 ㅋㅋ
negative	어 플 쓸 때 마다 업데이트 해야 하 는 거 너무 하 지 않 냐
negative	용량 잡아먹 으면서 강제 업 뎃좀 하 지 마 요
positive	좋 아요
negative	롯데 닷컴 잘 쓰 고 있 었 는데 합치 려면 제대로 잘 합치 던지 아예 열리 지 도 않 는데 뭐 죠 ?
positive	믿 고 살 수 있 어서 좋 아요
positive	좋 습니다요 ~
negative	임직원 혜택 이 일반 할 인보 다 못한 불편 한 진실
positive	좋 아요
positive	잘 받 았 어요 ~
positive	포인트
positive	검색 최강 ! 가격 비 교시 너무 좋 아요
positive	좋 아요 ~~ 부모 님 선물 했 는데 너무 편하 다고 하 십니다 .
negative	회원 가입 도 안 했 는데 상품 배송 은 뭐 죠 ? 상품 신청 한 적 도 없 는데
positive	백화점 물건 을 싸 게 살 수 있 네요
positive	구정 에 도 선물 받 았 는데 추석 에 또 받 았 네요 가족 들 과 함께 맛있 게 잘 먹 었 어요 술 안주 로 최고 입니다
negative	전화 받 는 상담원 이 엄청 불 친절 하 네요 . . 제 가 굉장히 귀찮 은가 봅니다 . 직원 에게 폭언 어쩌 고 하 게 전 에 응대 를 좀 친절히 했 으면 좋 겠 네요 . 어려운 일 도 아닌데 . . 전화 하 는 동안 내 가 뭘 잘못 한 느낌 이 였 네요 . .
negative	앱 이 왜 이리 무거운 가요 ? 쇼핑 앱 이 이렇게 무겁 고 딜레이 되 는 건 처음 이 네요 . 답답 해서 뭘 살 수 가 있 어야 조 . .. 좀 가볍 게 . 다시 좀 개방 해 보 세요 ㅡㅡ .
positive	좋 은 가격 에 제 가 원 하 던 싸이 즈 예요 생각 보다 빨리 도착 했 어요 잘 쓸 게요
positive	롯데 시렁
negative	이게 뭡니까 . 회원 가입 다 하 고 로그인 할려 하 니 금방 한 건데 도 회원 정보 가 존재 하 지 않 는다고 로그인 이 안 됩니다 . 진짜 어이없 네
negative	일본 기업 안 팔 아 줄랍니다 .
positive	좋 아요 서비스 도 좋 고 항상 잘 쓰 고 있 어요
negative	내 최애 앱
negative	결제 하 는데 진짜 화 가 날 정도 입니다 . 카드 결제 복잡 하 게 해 놓 고 설정 이 제대로 먹히 지 도 않 고 신용 카드 찾 아다 겨우 결제 했 네요
positive	배송 도 빠르 고 다른 사이트 보다 저렴 하 고 좋 아요
negative	다른 몰 에 비해 롯데 관련 몰 은 속도 가 현저히 느림 . . 특히 구매 창 넘어갈 땐 90 년 대 랜 선 마냥 . .
positive	넘 좋 아요 ~~~^^♥♥♥
negative	도대체 한두 번 도 아니 고 로그아웃 대서 비번 치 면 일치 가 안 된다고 나오 고 비번 찾 기 누르 면 인증 안 돼 고 도대체 누가 도용 하 나 왜 이래요 쓸 수 가 없 어요
negative	오늘 오전 부터 갑자기 아예 앱 이 켜 지질 않 아요 . 뭔일 일까 나요 - 한국인 은 사용 못 한다던지 뭐 그런 건가요 ? 저번 주 에 티 주문 했 더니 오늘 바지 왔 던데 . 다짜고짜 교환 되 니까 환불 하 라고 그러 고 . 롯데 가 망 쪼 가 든 건지 .
positive	로봇 기능 있 어 넘 좋 아 여 !
negative	왜 자꾸 아이디 와 비번 이 틀리 다고 하 는지요 ~ 롯데 계열 사랑 통합 되 어서 다른 사이트 는 열려 있 는데 롯데 닷컴 만 안 되 네요 이유 가 뭡니까 답답 하 네요 .
negative	진짜 진짜 불편 하 다 뭘 할 때 마다 인증 에 확인 에 등록 은 안 되 고 오 는 고객 다 떠나 겠 다 에휴 . ..
positive	접근성 이 종 떨어지 는 것 이 문제 네요
negative	8 일 첫 ㄹ 4 ㅛㅕㄹ 7
positive	개선 되 니 좋 네요
negative	진짜 답답 해서 그런데 비회원 은 반품 도 못 해요 ? 반품 하 기 누르 고 비회원 주문 번호 쓰 면 그냥 뭐 시켰 는지 만 뜨 고 반품 이나 정보 변경 같 은 게 안 나오 잖아요 미친 거 에요 ? 오늘 흑우 하나 제대로 잡 으셨 네요 ^^ 상담 시간 1 시 까지 인 마케팅 잘 봤 구요 비회원 은 사람 취급 도 안 한다 이거 죠 ? 일본 기업 다운 개돼지 전략 아주 좋 습니다 이딴 식 으로 어 플 만들 거 면 걍 없 애요 뭐 하 러 있 는 거 야 이거
negative	롯데 닷컴 어 플 접속자 가 많 으면 얼마나 많 다고 점심 시간 에 로그인 이 튕기 나요 ? 그래서 다시 로그인 하 려니까 무한 로딩 중 이 네요 . 이게 한두 번 이 여야지 매번 이러 니까 진심 화 나요 . 서버 를 2 만 원 짜리 로 만들 었 나 판매량 이 몇 백 배 되 는 위 메 프 어 플 도 이렇게 점심 시간 에 튕기 지 는 않 아요
negative	회원 가입 했 는데 왜 계속 비밀 번호 아이디 불 일치 라 나오 죠 번호 변경 해도 로그인 이 안 되 네요 넘 불편 해요
positive	참 좋 아요 정말 구입 한 것 같 아요
negative	앱 너무 느림 옥션 . 지 마켓 . 11 번 가 . .. 이런 곳 과 비교 하 면 너무 느려 터짐
negative	일본 기업 불매 . 롯데 아니 어도 구매 할 곳 은 널려 있 음 . 안년 재팬 롯데 야
negative	롯데 불매
negative	아니 ㅆ 투더 발 이걸 왜 깔 아야 배송 조회 가능 한데 ㅋㅋㅋ 열심히 돈 벌 어 ㅋㅋ 부모 도 읎 ㄴ ㅏ
negative	당 췌 쿠폰 다운로드 팝업 은 다운 받 았 는데 도 계속 무한정 뜨 고 배송지 변경 은 사 자마자 변경 하 지 도 못하 게 막 아 놓 고 너무 불편 해서 직접 고객 센터 에서 변경 하 도록 하 여 매우 불편 합니다 . UI 를 어떻게 이렇게 불편 하 게 설계 한 건지 이해 가 안 가 네요 .
positive	쇼핑 하 기 편하 게 되 어 있 네요 ~ 좋 아용
positive	할인 상품 이 생각 보다 많 아서 잘 사용 하 고 있 습니다
negative	오늘 배송 받 은 삼겹살 찌개 용 은 , 냉동 상태 로 보내 주 신 것 같 은데 , 이미 다 해동 이 되 어서 신선도 가 많이 떨어지 고 약간 의 물 에 잠겨 있 었 습니다 . 불안 해서 먹 을 수 가 없 는데 어찌 해야 하 나요 ?
positive	빠른 배송 좋 아요 ~!!
negative	롯데 쓰레기 다 전범 기업 불매 한다
negative	구매 를 하 고 도착 날짜 까지 온 다음 에 품절 이 라며 구매 취소 해 달 라 하 고 가격 올려서 다시 판매 하 네 가격 가지 구 장난 하나 물품 번호 랑 도착 날자 는 제고 확인 도 안 하 구 보내 나 보내 고객 가지 고 장난치 는 롯데 생각 할수록 어 이 가 없 내
negative	6 월 말 업데이트 이후 물마 시기 알림 도 안 오 고 만보기 도 휴대폰 에 있 는 거 는 잘 되 는데 엘 포인트 만보기 는 작 동안 함 어떻 게 해야 할까 여 ?
negative	업데이트 하 고 광고 화면 나오 고 더 이상 진행 안 되 고 먹통 됨 ㅠ . ㅠ 정말
negative	휴대 전화 번호 를 계속 누르 라는 데 누르 는 곳 이 없 네여 . ..?
positive	배송 도 빠르 고 싼 제품 인데 고급 지 게 배송 와서 넘 좋 네요
negative	앱 이 켜 지 자 마자 bad request 로 넘어가 버리 니 아무 것 도 할 수 있 는 게 없 네요
negative	롯데 정말 서비스 최악 이 네요 . 26 일 수요일 결제 진행 하 는 데 4 분 지나 서 목요일 되 고 목요 일건 으로 출고 지시 나간다는 데 뭔 몇일 씩 걸리 고 7 월 2 일 출고 된다고 카톡 온 상품 이 사이트 들어가 니 지멋대로 7 월 3 일 출고 예정 이 었 다가 7 월 4 일 출고 로 늘어나 있 고 고객 한테 는 일절 연락 도 없 고 연락 내 가 출고 방법 모르 는 바보 취급 당하 고 결국 은 상품 품절 이 라 못 보내 준 다네요 ? 장난 하 나요 재고 확보 도 안 된 물건 왜 파나 요 ; 무 에서 유 를 창조 하 시 네 . 빈폴 매장 ^^ 신 세계 에서 금요일 결제 한 캐리어 는 담날 토요일 집 으로 도착 했 네요 ^^
negative	이벤트 조기 종료 해서 열받 은 게 나 만 그런 게 아니 었 구나 조기 종료 한 놈 좀 만나 게 해 주 세요
positive	이벤트 기간 졸렬 하 게 조기 종료 시키 는 기분 나쁜 경험 덕분 에 사용 할 마음 싹 사라짐
positive	사진 보다 작 고 예뻐요 ~^^ 맘 에 쏙
negative	회원 가입 다 하 고 로그인 할려니까 왜 아이디 랑 비번 다르 다고 하 냐 ? 장난 하 냐 ? 몇 번 째 하 는지 아냐 ? 다시 회원 가입 할려고 하 면 이미 회원 가입 되 있 고 로그인 할려고 하 면 아이디 랑 비번 다르 다고 하 고 장난 하 냐 ? 때려치워 안 해 !
negative	들어갈 때 마다 로그인 하 게 하 더니 이제 는 아예 로그인 자체 가 안 되 네요 .
negative	결제 가 왜 안 됩니까 ? ? 아 놔 서버 오류 네 뭘까요 ? ?
negative	내 가 리뷰 첨 남기 는데 진짜 물건 사지 도 않 았 는데 뭔 놈 의 인증 을 하 라고 비회원 구매 도 인증 인증 어우 짜증 안 사
negative	오른쪽 어께 앞부분 이 바느질 이 안 돼 어 있 어 고요 . 바느질 이 엉망 싸구려 티나 요 교환 하 려다가 제 가 수선 했 습니다 . 앞 으로 꼼꼼히 살펴보 시 고요 . 보내 세요 .
negative	반품 정말 복잡 하 고 고객 센터 상담원 도 어리벙벙하 고 정말 불편 하 네요 다신 안 쓰 려고요
negative	메뉴 이동 이 잘 안 됨
negative	로그인 하나 도 안 됨
negative	다 운안 됨 . .
negative	로그인 이 라도 되 면 다행 이 지 싶 네 ㅠ 하 앱 을 이 따구 로 만들 어 놓 고 먼
negative	회원 가입 할 때 휴대폰 번호 적 는 칸 도 안 만들 어 놓 고 자꾸 휴대폰 번호 쓰 라는 건 뭐 냐구요 회원 가입 을 하 라는 거 야 말 라는 거 야
positive	간편 해서 종종 이용 합니다 .
negative	기존 등급 유지 안 되 고 자기 들 맘대로 새로 했 는데 전 부터 공지 했 다는데 대체 어디 에 공지 해 놨었 는지 모르 겠 네요 . .. 앞 분 의견 과 공감 ~ 상품 수도 엄청 줄 고 버벅거리 고 엉망진창 임
positive	그런대로 괜찮 네요 다만 상 각 을 조금 더 두 었 으면 모양 이 살 것 갇 네요 .
positive	유용 함
positive	감 샤 합니다
negative	멀티 로 다른 앱 들 갔 다가 다시 들어가 면 첨 부터 다시 켜 져요 . 진짜 불편 ;;
negative	이렇게 되 면 또 다시 한 번 가 보 고 싶 네요
positive	최고 입니다 . 상품 도 다양 하 고 각종 혜택 도 받 기 편리 합니다 .
positive	고객 님 , 안녕 하 세요 . 롯데 닷컴 입니다 . 먼저 , 쇼핑 에 불편 을 드려 죄송 합니다 . 지속 적 으로 서비스 개선 을 위해 노력 하 고 있 으나 만족 시켜 드리 지 못한 점 사과 드립니다 . 말씀 해 주 신 오류 내용 에 관련 하 여 정확 한 현상 확인 이 어렵 습니다 . 번거로우 시 겠 지만 , 자세 한 오류 내용 및 사용 기기 를 ( mlotte @ lotte . com ) 로 보내 주 시 면 확인 후 안 내드리 도록 하 겠 습니다 . 롯데 닷컴 서비스 이용 에 불편 을 드려 다시 한 번 죄송 합니다 . 감사 합니다 .
negative	최초 결제 쿠폰 받 아서 결제 하 다 오류 나 니까 쿠폰 사라짐 ㅋ 앱 바로 지우 고 쿠팡 에서 삼 . ..
negative	설치 가 엄 ~~~~~ 청 늦 게 됩니다 . 설치 하 지 마세요 ! !!!
negative	도 돌 런처 스티커 살 려고 했 는데 이 앱 을 설치 하 라네요 . .. 뭐 스티커 를 살 수 있 으니 나쁘 진 않 네요 . .. 하지만 쓸데없이 설치 하 고 싶 진 않 은데 어쩔 수 없 네요 뭐 나쁘 진 않 은 니 별 3 개 드립니다 . ..
negative	로그인 할 때 마다 비번 바꿔야 됨 하루 에 2 번 바꿨 음 ㅋㅋㅋ
negative	별 하나 도 아까움 상품 선택 후 주문 하 기 누르 면 기본 적 으로 몇 천 원 씩 가격 이 뻥튀기 됌 인심 쓰 듯 쿠폰 쓰 라 함 ㅋㅋㅋ
positive	좋 읍니다
positive	편합니다
positive	굿
negative	모바일 쇼핑 에 편한 기능 이 많 네요 .
negative	어 플 을 발 로 만들 었 나요 사용 하 기 너무 불편 함 브랜드 검색 도 제대로 안 되 고
negative	네이버 로그인 안 됌 그랬 어 앱 가입 할려고 하 니 안 됌 개판 왕 짜증 휴대폰 . 이름 적 으라고 하 는데 정말 웃긴 쇼핑몰 역시 모바 ~~ 일 쇼핑 은 옥션 이 최고 야 ~~~~~~~~~~~~
positive	필요 한 것 에 대해 흡족 한 금액 으로 구매 가 가능 해서 만족 합니다 .
negative	이상 해요 살인자 암살자
negative	로그인 을 계속 하 라고 하 네요 주문 하 는 데 로그인 만 몇 번 째 인지 ㅠㅠ 왜 자꾸 이런 현상 이 일어나 는 거 죠 ? 슬슬 짜증 나 려고 해요
negative	설치 중 에서 넘어가 질 않 아요 일 주일 째 사용 못 함
negative	롯데 닷컴 이용 할 때 는 못 느꼈 던 불편 들 이 통합 되 고 는 팍팍 느껴집니다 ㅠㅠ 사이트 도 더 보 기 불편 하 고 검색 도 편한지 모르 겠 고 여러 개 골라서 주문 하 니까 결제 오류 심하 네요
positive	톰 보트 좋 아요 ~ 영 ~ 스타일 로 크 지 않 아 맘 에 쏙 듭니다
negative	로그인 오류 도대체 언제 까지 참 아야 하 나요 ?
negative	로그인 자체 가 안 돼요 . 20 번 도 넘 게 하 다가 혈압 올라 죽 는 줄 . .. 이 상태 로 오픈 을 했 다는 게 놀라울 따름 입니다
negative	1 로그인 안 되
negative	로그인 이 안 되 요
negative	비번 재 설정 계속 해도 로그인 안 됨 ㅠ 완전 짜증 남 . . 컴 은 되 는데 폰 은 안 되 고 . . 이거 뭐 야 !
positive	품위 있 고 너무나 예뻐요
positive	다 모아 놓 으니까 사용 하 기 편리 해요 !
positive	롯데 의 쇼핑 앱 이 여러 개 여서 헷갈렸 는데 , 일괄 성 이 없 어 보였었 는데 , 통합 되 어 편리 해졌 습니다 .
positive	좋 습니다
positive	굿
negative	고객 님 , 안녕 하 세요 . 롯데 닷컴 입니다 . 먼저 , 쇼핑 에 불편 을 드려 죄송 합니다 . 말씀 주 신 현상 에 대해서 수정 조치 가 되 었 습니다 . 신규 버전 앱 을 다운 받 으셔서 정상 서비스 이용 을 부탁 드립니다 . 항상 고객 님 에게 편안 한 서비스 를 제공 할 수 있 도록 노력 하 겠 습니다 . 롯데 닷컴 서비스 이용 에 불편 을 드려 다시 한 번 죄송 합니다 .
negative	귀 챠 네요
negative	업데이트 하 고 나 서 결재 가 안 되 네요
negative	속도 도 느리 고 개판
negative	서비스 에 신경 써 주 시 기바 립니 다 .
positive	좋 아요 ~
positive	굿 ! !
negative	통합 이 되 긴 됐 는데 불편 하 네요 속도 가 여전히 느리 고 . .. L 포인트 나 M 쿠폰 은 그대로 유지 를 해야 하 고
positive	좋 아요
positive	' 피부 7 <>
negative	백화점 가 서 제값 주 지 말 고 저렴 히 롯 ㆍ닷
positive	좋 습니다 .
positive	좋 아요 99
positive	좋 아요
positive	쉽 게 찾 고 검새 하 고 편하 게 볼 수 있 어 좋 으 네요 .
negative	오류 가 자주 나 고 속도 가 느림
positive	보 기 편합니다
negative	너무 자주 업데이트 됨 . 메모리 용량 괴물
positive	좋 아요
positive	좋 아요
positive	좋 아요
positive	다양 한 제품 이 많 아요
positive	좋 아요
positive	좋 다
positive	쇼핑 하 기 편하 게 되 어 있 어요
negative	엘 페이 결 제시 ARS 인증 절차 생긴 이후 로 다른 곳 에서 쇼핑 하 게 되 네요 . .. 편하 고 빠르 게 결제 할려고 엘 페이 가 생긴 게 아닌가요 . .
negative	별 1 개 도 아깝 네요 화면 잠시 껏 다 키 면 초기 화 되 있 고 , 통합 이 라면서 롯데 닷컴 에서 구매 했 는데 구매 내역 조회 도 안 되 고 답답 한 어 플
positive	굳
positive	고객 응대 친절 하 고 , 빠르 게 처리 해 줘서 감사 합니다 .
positive	종류 가 다른 싸이트 에 비해 많 아 좋 아요 ~
positive	굿
negative	롯데 신용카드 및 엘 포인트 를 쓰 는지라 정말 롯데 를 이용 하 고 싶 지만 . .. 어 플로 몇 번 시도 하 다 포기 하 고 이마트 로 넘어간 게 한 두 번 이 아닙니다 . .. 정말 애용 하 고 싶 은 마음 이 간절 해 자진 해서 리뷰 쓰 러 왔 습니다 . .. 1 . 뒤 로 누르 면 매번 스크롤 이 처음 으로 올라가 있 어서 처음 부터 다시 스크롤 을 내려 원래 보 던 위치 까지 다시 가 야 합니다 -> 이러 다 보 니 뭔가 를 누르 기 무서워 살 수 가 없 습니다 . 이마트 처럼 클릭 하 지 않 고 도 목록 에서 바로 바로 장바구니 에 담 을 수 있 는 것 도 아니 라서 정말 클릭 하 지 않 으면 구매 가 안 되 는데 . ... 2 . 구매 로 이어지 는 클릭 수 가 너무 많 습니다 . ... 품목 클릭 -> 장바구니 담 기 클릭 -> 장바구니 또는 바로 구매 던가 클릭 . .. 무려 세 번 이나 클릭 해야 겨우 장바구니 에 담 깁니다 . ... 이마트 같 은 경우 는 목록 에서 바로 클릭 하 면 장바구니 에 담 기 는 , 즉 클릭 한 번 만 하 면 되 는 것 에 비해 . .. 물건 을 5 개 담 는다 치 더라도 벌써 10 번 의 차이 가 납니다 . 클릭 별거 아닐 수 도 있 는데 이거 의외로 귀찮 아서 하 다 보 면 짜증 이 납니다 . .. 3 . 카테고리 분류 가 좀 비
positive	즐기 면서 쇼핑 하 고 있 습니다 .
positive	굿
positive	편리 함
positive	완전 좋 아요 여기 다 있 네 ㅎ
positive	업데이트 좋 아요 ~
positive	좋 아요
positive	색상 디자인 빠른 배송 모두 만족 합니다 💕
negative	상품 발송 엄청 빨라요 제 가 시험 삼 아 롯데 닷컴 에 제품 하나 , CJ 몰 에 제품 하나 시켰 는데 롯데 닷컴 은 영업시간 오전 에 바로 발송 완료 인데 Cj 몰 제품 은 하루 가 끝 나가 고 있 는데 아직 도 상품 준비 중 이 네요 . 게다가 CJ 몰 은 상품 문 의 답글 도 엄청 늦 고 , 재고 관리 도 제대로 안 함
negative	아 배송 정보 확인 하 기 겁내 짜증 나 게 해놨 네 롯데 에서 주문 안 할란다 이제
positive	좋 아요
negative	인터넷 사이트 에서 는 로그인 이 잘 되 는데 앱 에서 는 회원 정보 가 없 다네요 ?
negative	배송지 주소 추가 수정 하 는 곳 좀 만들 어 주 세요 . 결제 오류 나 면 새 주소 입력 을 무한 반복 해야 합니다 . 정말 힘드 네요 ㅠㅠ 왜 자꾸 저 혼자 앱 이 팝업 되 어 있 는 건지 이유 를 알 수 없 네요 . 삭제 합니다 ㅠㅠ
negative	뭔 앱 이 쉴 새 없이 떠요 ;; 심지어 다른 앱 을 눌렀 을 때 도 롯데 닷컴 앱 이 추가 로 뜨 네요 . . 광고 인지 뭔지 모르 겠 지만 짜증 나 서 지 웁 니다 .
positive	생각 보다 빠른 배송 감사 하 고 냄 세 가 많이 나 서 아직 사용 못 하 고 있 으나 푹신 하 고 건강 에 도 좋 을 것 같 아 안심 하 고 사용 할 것 같 다
positive	편해요
positive	good
positive	굿 굿 굿
positive	굿
negative	요즘 앱 같 지 않 음 ! 장바구니 에 넣 어 둔 상품 클릭 하 면 해당 이벤트 기간 이 아니 라고 뜸 몇 번 다시 왔다갔다 하 며 클릭 해야 볼 수 있 음 그 외 배송 기간 은 왜 그리 긴지 . .. 엄청 불편 함 ㅠ
negative	정말 별로 인 거 같 습니더
negative	비교 해 보 고 사 는 편 인데 다른 데 보다 상품 도 많 고 훨씬 저렴 한 거 같 아요
positive	좋 아요
positive	굉장히 잘 쓰 고 있 습니다
positive	별점 후 하 게 주 고 갑니다 ~
negative	무슨 결제 만 누르 면 오류 가 떠요
positive	给 i 个 i 姐姐 了解 进 口 美女 没 看 计 划 经 济
positive	우선 내 가 원했 던 가방 크기 라 넘 좋 아요
positive	앱 전용 할인 혜택 이 잘 되 어 있 어 넘 좋 아용
negative	로그인 오류 , 데이터 × 나 느림 해도 해도 너무 함
negative	컴퓨터 에서 로그인 정상 되 는데 모바일 에서 는 안 되 는 이유 가 있 나요 시간 만 허비 하 네요
positive	넘 좋 아요 가격 도 저렴 하 고 좀 더 저렴 한 상품 많이 많이 나왔 음 좋 겠 어용
positive	다양 한 제품 을 저렴 하 고 빠르 게 구매 할 수 있 는 장점 이 있 지만 사용 편의 성 은 살짝 부족 한 감 이 있 네요
positive	저렴 한 물건 들 이 종종 보여서 괜찮 네요
positive	빠른 결제 가 좋 습니다
negative	로그인 오류 또 시작 이 네 . . 개선 의 지 없 는 듯
negative	로그인 안 되 고 참 별로
negative	자동 로그인 해도 자꾸 로그 아웃 되 고 , 로그인 도 안 되 고 튕김 .
positive	편리 하 게 잘 되 어 있 습니다
positive	좋 아요
negative	롯데 앱 들 은 가끔 먹통 됨 . 로그인 상태 인데 도 수시로 로그아웃 되 고 특히 주말 이나 금요일 부터 먹통 만들 기 때문 에 대응 도 전혀 안 됨 .
negative	평가 쭉 보 니 완전 개판 이 네 . . 나 만 그런 줄 알 았 더니 . 1 . 로그인 오류 계속 뜨 고 . . 2 . 배송지 변경 때문 에 인증 다 받 고 적용 되 겠 거니 하 고 보 면 적용 안 되 있 고 . . 3 . 로그인 은 계속 하 라고 하 고 . . 자동 로그인 은 왜 있 는 건지 . 아 특수 문자 치 기 귀찮 은데 . . 4 . 로그인 오류 는 계속 뜨 고 . . 로그인 문제 오류 난다고 글 올라와도 구글 스토어 에선 확인 이 불가 하 니 롯데 어쩌구 에다가 하 라 하 고 . 자 이제 위 에 정리 해 드렸 으니 뭐 좀 해 봐요 좀 . . 답답 하 네 진짜 . .
negative	잘 사용 됐었 는데 13 일 계속 로그인 해 라고 함 그러 다 로그인 실패 입니다 라는 문구 가 뜨 네요 어 플 삭제 후 재설 치 . . 이젠 어 플 정지 멘 트 와 함께 자동 꺼짐
negative	로그인 오류 진짜 심각 하 네요 . 쇼핑 앱 이 이러 는 건 롯데 닷컴 이 처음 임 ㅡㅡ ;
negative	로그인 했 는데 페이지 이동 하 면 또 로그인 하 라고 함 . . 아이디 비번 치 면 로그인 실패 라고 나옴 . . 또 로그인 안 된 상태 에서 다른 페이지 로 이동 하 면 로그인 되 어 있 음 . 한 마디 로 개 엉망 임 .
negative	회원 가입 이 안 되 네요 . 어 플 에서 회원 가입 마지막 단계 에 이름 와 휴대폰 기입란 이 안 뜹니다 . 관련 사진 을 첨부 할 수 없 다는 게 아쉽 네요 . 고쳐 주 시 길 바랍니다 .
negative	잘 되 다가 로그인 오류 가 계속 됩니다 . 몇 차례 . . 인증 을 해도 비번 설정 도 어렵 게 영문 숫자 특수 문자 하 라 . . 연세 있 는 분 들 복잡 하 게 . . ㅡ 맘 에 안 듭니다 . 쿠팡 이나 타 회사 로 갈아타 기 를 바라 신다는 뜻 인지 요 ? 전화 상담 롯데 톡 . 다 안 되 고 .
positive	55779 umm aww as - yyyyyyyy / / uh y / yyyyyyyyyy
negative	네이버 로 주문 하나 어 플 까 나 가격 동일 . 할인 해 준 데 서 깔 았 는데 낚 임 전화 해 보 니 상담원 도 그러 려니 함 다 들 굳이 어 플 깔 필요 없이 인터넷 으로 주문 하 셔요
negative	전화 번호 도용 당한 듯 어떤 상 너메 것 이 전화 번호 를 내 꺼 로 등록 해놨 는가 갑자기 결제 ars 인증 번호 전화 겁 나오 고 개 귀찮 게 함 전화 번호 인증 도 안 하 고 대충 결제 ars 전화 가 도록 되 있 는 건가요 ? 개 귀찮 으니까 어떻게 좀 해 봐 바요
negative	인터넷 이 건 앱 이 건 회원 가 입시 오류 쩖 걍 다른 곳 에서 살 게요
negative	완전 낚 임 낚시 쩐 다 . 문자 로 1 만 원 이상 5 천 원 할인 쿠폰 줬 다고 어 플 깔 고 쇼핑 하 라더니 어 플 깔 고 로 긴 하 니 3 만 원 이상 5 천 원 쿠폰 임 ㅋㅋ ㅋㅋ 장난 하 냐 ?
negative	그냥 다른 브랜드 쓰 고 싶 어 질 정도 로 bad request 업 뎃해더 계속 떠요 ㅋ
positive	5 봉지 재 구매 했 습니다 품질 우수 하 고 포장 상태 도 고급 스럽 습니다
positive	믿 을 수 있 는 품질 이 라 믿 고 주문 합니다 .
negative	업데이트 중 대기 시간 이 너무 걸리 네요
negative	왕 짜증 . 물건 선택 하 고 배송지 변경 했 더니 다시 로그인 하 라고 , 그래서 로그인 하 고 다시 물건 선택 하 고 배송지 변경 했 더니 . . 무한 루프 . . 혹시나 해서 다른 스 아트 폰 으로 해도 같 네 .
negative	사진 로딩 딜레이 되 고 강제 종료 잦 음
negative	앱 사용 시 계속 끊김 현상 이 있 고 느리 고 비번 도 계속 틀리 다고 나오 네요 .
negative	앱 깔 고 접속 이 안 돼요 엡 은 전혀 안 돼 고 다르 게 감색 해서 들어가 야 한 네요
negative	잘 사용 중 인데 갑자기 접속 이 안 되 네요 . 왜 이런 걸까요 ?
positive	빠른 배송 과 깔끔 한 포장 감사 해요 굿
negative	왜 자꾸 비번 이 잘못 됫다고 방금 바 꿧 는데
negative	별루 야
negative	최악 ! 배송 기본 9 ~ 10 일 소유 롯데 믿 고 주문 한 고객 호구 만드 는 곳 배송 지연 환불 및 사과 비 5 천 원 먹 고 떨어지 라 함 . 배송 지연 경험 하 고 싶 으면 주문 하 세요 . 2 번 당하 고 회원 탈퇴 함 . 롯데 닷컴 배 송지연 사례 보 고 주문 하 세요 !
positive	좋 아요 ~
positive	좋 아요
positive	좋 은 상품 감사 ^^
positive	빠르 고 정확 해서 좋 아요 ~
positive	자동 할 인적 용 이 넘 나 좋 아요
positive	종종 이용 하 는데 저렴 하 게 잘 구입 하 고 있 어요
positive	정확 한 시간 에 잘 받 았 읍니다
negative	업데이트 안 돼요 며칠 전 부터 계속 다운로드 대기 중 이 고 어쩌다 다운로드 하 면 계속 다운로드 중 이 라고 만 뜨 고 그래서 앱 을 제거 하 고 다시 설치 를 하 려 하 니 똑같 은 증상 입니다
positive	제품 상태 도 괜찮 고 , 배송 도 빨라서 좋 네요 사용 편의 성 만 조금 개선 되 면 딱 좋 을 듯 싶 네요
positive	봉제 라인 이 없 어 편안 하 고 착용감 도 좋 아요
positive	문제 없이 잘 사용 하 고 있 네요 ~
positive	탁월 한 선택 롯 데온
positive	나름 만족 ~
positive	상품 품질 에 대해서 는 아주 만족 합니다 .
negative	로 긴 실패 쌩 뚱 맞 게 로그인 정보 일치 하 지 않 는다고 나옴 업데이트 후 . .. pc 에서 는 동일 아이디 비번 으로 정상 로그인 되 는 데 앱 에서 는 계속 일치 하 지 않 는다고 나와서 그냥 앱 삭제
positive	굿
positive	싸 고 좋 아요
negative	사용 짜증 반응 도 늦 고 쿠폰 준 대놓고 클릭 해도 무반응 , 그나마 닫 기 는 되 네 ㅋ
negative	계속 에러 생겨서 삭제 하 고 깔 고 이게 무슨 미친 짓 인지 ! ! 자기 네 맘대로 업데이트 라는 명목 하 에 고객 을 우롱 하 는 얼빵 한 짓 을 하 고선 아직 도 개선 이 안 되 고 있 다 ! ! 열통 터져서 리뷰 남긴다 ! ! 롯데 정신 차리 세요
positive	굿
positive	좋 아요
positive	넘 넘 편하 고 좋 네 용 ^^
negative	명품 가격 실화 ? 여기 가 제일 싼 듯
positive	배송 무지 빠름 설 이후 배송 인 줄 알 았 는데 배송 알림 다음 날 오전 아홉 시 도착 친절 하 신 기사 님 고맙 습니다 깔끔 하 고 화면 좋 고 good
negative	쇼핑몰 중 제일
positive	음 다양 한 상품 저렴 히 살 수 잇 는 앱 이 어서 굳 굳 굳
positive	빠른 배송 좋 아요 늘 믿 고 구매 하 는 앱 이 라 강추 합니다
positive	늘 애용 해요 ~ 플래티넘 이 라서 배 송료 무료 라 좋 아요 ~^^
negative	업데이트 참 안 되 네요
positive	분주 함 속 에서 도 즐겁 게 배달 하 시 니 받 는 마음 이 너무 감사 합니다
negative	앱 오류 날까봐 업 뎃 하 고 싶 지 않 은데 업 뎃 안 좋아하 는 사람 도 있 는 데 업 뎃 안 하 면 사용 못 하 게 하 는 거 바꿔 주 세요 . 최신 버전 으로 업그레이드 싫 습니다 . 리뷰 보 니 오히려 업 뎃하고 문제 도 많 은 것 같 고요 . 안 하 고 도 사용 할 수 있 게 해 주 세요 .
positive	인덕션 용 밥솥 을 구매 했 는데 아주 좋 아서 냄비 셋 트 를 구입 하 게 되 었 어요 마음 에 쏙 들 어요 감사 합니다 ~
negative	롯데 닷컴 베스트 상품 볼 때 남성 20 대 로 보 다가 뒤 로 가 기 누르 면 다시 여성 20 대 로 바 껴져 있 어요 화면 도 갑자기 젤 위쪽 으로 바뀌 구요 왜 이런 거 에요 ?
positive	배송 도 빠르 고 상품 도 마음 에 들 고 샘플 사은품 도 많이 주 셨 네요 ~ 상품권 만 원 도 함께 보내 주 셔서 너무 감사 해요 ~^^ 다음 에 도 또 주문 하 려고 해요
negative	장바구니 에 제품 여러 개 담 아서 결제 하 기 하 면 주 문서 작성 중 만 계속 나오 고 넘어가 지 않 습니 나 한 개 주문 할 때 는 바로 되 는데 ㅜㅜ 몇일 째 주문 을 못 하 고 있 네요 예전 에 는 안 그랬 는데 어떻게 주문 을 하 라는 건지 모르 겠 네요 빠른 게 개선 좀 해 주 세요
negative	장바구니 안 에 있 는 걸 사 려는 데 넘어가 는 데 3 분 걸려요 . 다운 된 줄 알 았 는데 ㅡㅡ 그담 카드 선택 하 는데 다시 3 분 걸려요 . 이거 사 지 마 란 거 죠 ?
negative	상품 이 보내 지 지 도 않 았 는데 문자 가 오 고 취소 하 고 냬 용 보 려니까 비회원 주문 인데 자꾸 앱 을 가입 하 라고 하 고 짜증 나 네요 진짜 . . 물건 이 지금 오 지 도 않 고 환불 도 아니 고 붕 뜬 상태 인데 뭘 확인 하 려고 하 면 앱 을 설치 하 라는 창 으로 만 넘어가 니 소비자 우롱 한다는 생각 밖에 안 드 네요
positive	지인 한테 선물 할 일 이 있 었 는데 롯 데온 에서 이번 에 선물 세트 득템 했 어요 ! !
negative	앱 이 바뀌 면서 제 플래티넘 등급 이 없 어 졌어요 대체 무슨 일 인가요 제 가 여태껏 구매 한 이력 이 순식간 에 사라졌 어요 대체 뭔 일 이 에요
negative	고객 님 안녕 하 세요 . 롯데 닷컴 입니다 .
negative	앱 이 다운 받 아 지 지 가 않 아요 . . 설치 부터 가 이래서 야 . ..
negative	앱 을 누가 만든 건지 주 소 바꾸 고 적용 하 면 계속 로그인 화면 으로 돌아가 네 여기 서 는 안 사 야겠다 앱 삭 하 고 손절 합니다
negative	장난 하 는 것 도 아니 고 로그인 만 도데체 몇 번 을 바꿨 는지 . . 그리고 매 인창 에 도 그렇 고 . 하 . ..
negative	배송 도 몇 일 이나 늦 게 오 고 상담 문자 도 않 돼 네요 . . 배송 빨리 부탁 드려요
negative	아이디 비번 틀리 다고 계속 나오 는데 네이버 에서 들어가 면 로그인 되 는데 왜 어 플 은 안 된지 ㅠㅠ
negative	롯데 닷컴 롯데 아이 몰 L 롯데 통합 아이디 로그인 인데 롯데 닷컴 에서 만 같 은 아이디 비번 으로 로그인 이 안 됩니다 핸드폰 번호 로 아이디 는 검색 이 되 는데 비밀 번호 변경 하 려고 아이디 를 입력 하 니 존재 하 지 않 는 회원 이 라고 하 고 나머지 롯데 아이 몰 L 롯데 는 동일 아이디 로 잘 만 되 는데 왜 그런 건지 답답 하 네요 답변 주세 요
negative	어 플 사용 하 지 도 않 았 는데 백 그라운드 에 실행 이 되 어 있 어요 진짜 기분 나쁘 니까 오류 좀 바로 수정 해 주 시 죠
negative	몇 번 을 해도 비번 을 바꿔도 로그인 도 안 되 는 앱 . ...
negative	지금 로그인 이 안 돼 고 있 어요 로그인 중 에 오류 가 발생 해서 로그아웃 되 었 다는 창만 계속 뜨 고 하루 종일 로그인 이 안 대 는데 이거 어떻 해야 되 요 답답 해 죽 겠 네 ㅣ 어 플 삭제 후 다시 깔 고 를 몇 번 을 햇 는데 도 안 대 요 고객 센터 도 로그인 이 돼야 문의 하 는 데 로그인 이 안 대 는 데 어떻 게 하 느냐고요 ?
negative	로그인 이 안 되 요 로그인 하 려면 오류 로 로그아웃 되 었 대요
positive	아주 맘 에 듭니다 . 소재 도 좋 고 디자인 도 여유 있 으면서 핏 도 살 고 만족 합니다 .
negative	앱 이 실행 이 안 됨
negative	롯데 닷컴 만 거의 이용 하 는데 오늘 왜 이러 나요 들어가 도 로딩 한 세월 에 이미지 는 하나 도 안 나오 고 다른 앱 가 서 사 야 하 나요 ㅡㅡ고쳐주세요 니트 좀 사 게
negative	앱 푸시 동의 가 앱 열 때 마다 뜨 고 로그인 유지 가 되 지 않 음 . 매우 불편 한 앱 . ..
negative	1 : 1 문 의 글 작성 시 사진 첨부 하 고 등록 하 기 누르 면 사진 업로드 실패 했 다고 뜨 네요 어 플 지우 고 새로 깔 아도 똑같 습니다 다른 사람 폰 으로 해도 똑같 은 에러 발생 합니다
positive	원단 도 좋 은 거 같 고 . 가격 대비 입 엇 는데 옷맵시 도 . 멋 쩌 요
negative	앱 을 보 다가 계속 멈추 고 초기 화면 으로 돌아가 요 . .. 깔 고 5 분 동안 5 번 은 되돌아간 거 같 아요
negative	막 나가 자는 거 죠 . 가입 하 고 쿠폰 이것저것 다 받 았 는데 막상 결제 창 들어가 니까 쿠폰 12 개 가 마이 페이지 에 는 뜨 는데 선택 하 는 화면 이 아예 없 음 . 혹시나 해서 어 플 을 깔 았 지만 마찬가지 시간 낭비 데이터 낭비
positive	최고 임
negative	업데이트 너무 자주 한다 . ....
negative	앱 이 실행 이 안 돼요
positive	엘칸토 남성 구두 잘 샀 습니다 . 좋 은 구두 저렴 하 게 보내 주 셔서 감사 합니다 . 하나 더 주문 할까 합니다 . 사업 번창 하 세요 ^^
positive	편리성 . 상품 성 좋 아요 ^^
negative	배송 엄청 느리 고 로고 . 이름 . 핸 펀 번호 는 왜 이리 붙여 놓 았 는지 눈 사 팔 되 겠 네
negative	앱 을 잘 하 기 우해 열심 이 노력 함 ?
positive	빠른 답변 감사 합니다 ~
positive	최고
negative	관리 좀 하 시 죠
positive	좋 아요 ~^^
positive	최고 ~~~~^^
negative	강제 업데이트 시키 지 좀 마요
negative	과거 내 가 사용 하 던 모든 전력 은 다 사라지 고 상품 검색 도 너무 복잡 하 고 검색 내용 도 너무 조잡 합니다 분명 고객 편의 를 생각 하 고 변경 했 을 텐데 . .. 15 년 정도 이용 한 고객 인데 다른 온라인 사이트 를 찾 아야 할 듯 . ..
negative	제 가 찾 던 상품 이 왠만해서 는 다 있 어요 !
negative	업그레이드 된 것 이 맞 나요 ? 온라인 쇼핑 은 롯 데 다 컴 만 이용 하 는데 , 이번 앱 은 진짜 복잡 하 고 , 정리 하나 도 안 되 어 있 고 ㅜㅜ 저번 버전 은 카드 할인 이나 이벤트 같 은 것 도 한눈 에 다 들어왔었 는데 . ...
negative	앱 에서 결 제시 이벤트 하 면 뭐 합니까 ㅡㅡ 앱 내 에서 결제 하 면 튕기 는데
negative	제 가 찾 는 왠만 한 상품 들 다 있 네요
positive	엘 포인트 사용 되 네요 굿
negative	카드 결재 가 안 되 네요 ~ 삭제 하 고 다시 다운 해도 안 되 요 상담원 도 모르 는 것 같 고 . ..
negative	3 일 째 앱 안 들 어 가지 고 튕김
negative	정말 . .. 롯데 는 앱 을 왜 만드 는 건지 . 비번 아무리 재 설정 계속 해도 로그인 오류 발생 함 . 롯데 앱 들 은 써 보 면 써 볼수록 서비스 자체 를 사용 하 기 싫 어 하 게 만드 는 마력 이 있 음 .
positive	매우 만족 합니다 !
positive	편리 하 니 좋 아요 . 번창 하 세요
positive	좋 아요
positive	이벤트 페이지 가 찾 기 쉽 게
negative	계속 업데이트 하 라는 이상 한 앱
positive	가성 비 떨어지 는 품목 이 많 음
negative	업 뎃도 안 되 고 먹통 됨
positive	당 췌 열려야 뭘 알 지요
negative	환장 하 게 느 립니 다 . 첫 쿠폰 쓰 고 나 서 웹 으로 이용 할 듯 . 앱 쓰 려면 혈압 오르 네요 .
negative	고객 님 안녕 하 세요 . 롯데 닷컴 입니다 .
negative	최악 입니다
positive	좋 아요 ~^^
positive	좋 아요
positive	폰 으로 바로 볼 수 있 어 편리 하 네요
negative	업데이트 도 안 되 고 앱 을 들 어 가지 도 못하 네 . 사 지 말 란 거 지
positive	아니 뭐 들 어 가지 는 앱 을 만들 어야 될 거 아니 야 갤 S 9 쓰 는 데 도 초기 화면 에서 튕김
negative	아이폰 쓰 는데 isp 결제 하 고 롯데 앱 으로 돌아와도 결제 가 안 돼 여 . ... 몇 달 째 이러 는데 핸드폰 을 바꿔도 그러 네요
negative	황당 쓰 . ... 선택 을 하 면 뭘 하 나요 되 는 게 없 는데 이용 하 지 말 라는 거 지요 ?
negative	판매자 와 트러블 이 있 을 때 마다 고객 입장 에서 응대 해 주 고 , 최대한 빠르 게 처리 해 주 셔서 감사 합니다 .
positive	항상 좋 은 제품 감사 드립니다
positive	좋 아요
negative	업데이트 가 빨리 안 되 네요 .
positive	굿 ~
positive	롯데 라서 믿 음 이 가 구요 서비스 도 좋 아요
positive	굿 입니다
positive	반 는 순간 미니멈 패딩 대박 느낌 욤 넘 맘 에 드 네요
positive	롯데 닷컴 자주 이용 해요 ^^
positive	전반 적 으로 만족 중
positive	아주 좋 아요
positive	백화점 상품 을 매월 받 는 쿠폰 이용 으로 더욱 저렴 하 고 퀄리티 좋 은 상품 구매 할 수 있 어 가장 애용 하 고 있 는 쇼핑몰 입니다 ^^
negative	스크롤 을 내리 다 보 면 엄청 버벅거리 고 로딩 시간 이 무지 길 어요 . 보 다가 짜증 나 서 타 쇼핑몰 로 넘어가 게 되 네요
positive	가지 고 있 는 엘 포인트 써서 구매 했 더니 완전 저렴 하 게 삿 어요 , , , , 대박
positive	좋 네요
positive	굳 ~~
negative	정말 버벅 거려요 ㅜㅜ 내 폰 이 문제 인 줄 알 았 는데 쿠 * 11 * 신세 * g 마 *.... 다른 앱 은 괜찮 은데 유독 롯데 닷컴 사이트 만 버벅 거림 . . 문제 가 멀 까요
positive	좋 아요 ~~
positive	너무 맘 에 들 어요 색상 사이즈 가격 모두 맘 에 듭니다
positive	추운 겨울 에 는 좀 얇 고 지금 입 기 딱 조아 요 ~~ 디자인 은 맘 에 들 어요
negative	업 댓 하고 로그인 하 고 쿠폰 다운 받 으려고 했 더
negative	상품 도 다양 한 데 다가 가격 까지 싸 네
negative	개발자 님 이 고생 을 많이 하 셨 겠 네요
positive	마음 에 드 는 제품 잘 받 았 습니다 . 감사 합니다 . ..^^*
positive	좋 아요 ~
positive	제 가 웬만 하 면 후기 안 올리 는데 배송 받 은 제품 이 너무 마음 에 들 어서 남겨요 ~ 롯데 온 굿 입니다 ~
positive	만나 기 힘든 동생 들 한갑 이 라고 선물 해 줘서 고맙 고 아주 빠른 배달 배달 감사 드려요
negative	최악 이 다 비밀 번호 악 카악 토 약질
negative	반품 도 어렵 고 오래 걸림 . 한 달 되 도록 환불 도 안 되 는 사이트
positive	명품 지갑 할인 많이 받 아서 구매 완료 !
positive	용량 이 커서 좋 은 것 같 습니다
positive	좋 아요
negative	연결 이 끊겼 다며 이용 되 지 도 않 는 최악 의 앱
positive	컴 보다 빠르 게 편한 게 장점 입니다
negative	50 프로 디 씨 에 낚 여 다운 받 았 다 밑 에 5000 원 이 최대 활인 액수 라는 평보 고 열 어 보 지 않 고 즉시 삭제 . .. 아 이런 장난질 은 좀 자제 하 자
negative	50 프로 할인 해 준다고 앱 다운 유도 하 고선 실상 5 천 원 할인 ㅋㅋㅋ 칼 삭제
negative	결제 하 려고 하 면 반응 이 없 네요 결제 수단 바꾼다고 누르 면 반응 이 없 음 뒤 로 가 기 누르 면 결제 수단 완료 하 라고 뜨 는 걸 보 니 앱 자체 가 멈춘 건 아닌 것 같 은데 아무것 도 안 눌림
negative	붉 은 색 을 좋아하 는 중국 도 아닌데 배경 화면 이 온통 빨간 이유 는 뭘까 ? 눈 이 너무 피곤 하 다 . 롯데 닷컴 플래티넘 + 회원 인데 혜택 도 사라졌 다 . 누가 눈 이 피곤 하 고 손해 보 는 앱 을 이용 하 겠 는가 ? 기존 회원 무시 하 는 앱 삭제 해 버렸 다 . 쇼핑몰 이 롯데 하나 만 있 는 것 도 아니 고 . .. 다신 이용 안 함 ! !!!!
positive	기대 이상 좋 아요
positive	간결 한 디자인 에 꼼꼼 한 재봉 솜씨 가 마음 에 듭니다 . 뱃살 이 늘 어도 안심 하 고 멋 과 여유 를 즐길 수 있 는 옷 입니다 만 , 옷감 이 얇 아서 날씨 가 추워 지 면 더 이상 못 입 는 것 이 단점 입니다 .
negative	로그인 자꾸 풀림 맞 는 비번 으로 해도 처음 에 로그인 실패 라고 뜨 고 두세 번 은 다시 눌러 줘야 로그인 됌 거지 같 음
negative	제품 확인 할라 했 더니 무슨 어 플 을 받 게 하 시 나요 ㅋㅋㅋ
positive	백화점 상품 봤 다가 , 마트 상품 봤 다가 하 니깐 편리 하 고 좋 네요
negative	퍼스트 클럽 50 % 퍼 라고 해서 설치 했 는데 최대 5 처 넌 낙 임 참내
positive	조 은 거 같 아요 ~~
positive	간편 해서 좋 아요
negative	아니 . . 구매 하 니까 카톡 으로 알림 톡 오 는데 배송 조회 나 게시판 답변 이나 그런 거 보 려고 URL 누르 면 무조건 앱 설치 를 하 래 ㅋㅋ ㅋㅋ 이딴 쇼핑몰 은 첨보 네 . 다 인터넷 페이지 로 넘어가 서 보 게 되 어 있 는데 롯데 닷컴 만 그지 같이 꾸역꾸역 앱 설치 를 시키 고 싶 어서 절대 앱 을 설치 하 지 않 고서 는 니 가 할 수 있 는 건 아무것 도 없 다임 다시 는 안 시켜 ㅡㅡ
negative	" 로그인 하 려면 한 시간 은 넘 게 걸려요 . 너무 짜증 납니다 ㅡㅡ """
positive	매장 에서 신어 보고 주문 하 길 잘 한 거 같 에요 평소 에 는 230 신 는데 발볼 이 좁 아서 225 을 주문 해야 한다고 해서 . ... 매우 만족 합니다 ~~^^♥
positive	엘 포인트 적립 률 도 높 고 여기저기 쓸 수 있 어서 이게 전 젤 만족
positive	잘 부탁 드리 고 앞 으로 도 수고 해 주 세요 ~
positive	😄😄😄 정말 좋 아요 ! 😄😄😄
negative	통합 로그인 겁나 불편
positive	😄
negative	이 앱 이상 해요 . 깔 았 다 지웠 는데 이상 한 카톡 와요 . 사지 도 않 은 물건 을 주문 했 다며 배송 문자 가 오 더니 지절 로 취소 를 하 고 또 다시 주문 했 다고 거짓부렁 천지 네요 . 무슨 장삿속 인지 원 . 기 막힙니다
positive	만족 합니다
positive	물건 을 믿 고 살 수 있 어요
negative	왜 로그인 이 안 되 는 거 죠 ? 문제 해결 언제 하 실 건가요 .
positive	잘 사용 하 고 있 어요
negative	주문 하 지 도 않 았 는데 배달 카톡 이 왔어요 1 월 26 일 날 에 도 오 고 오늘 도 왔 는데 저 는 가입 한 적 도 없 고 주 뮤 한 적 도 없 어서 무섭 네요 . 조치 취해 주 세요 .
positive	좋 아요 ~ 🤗
negative	역시 롯데 . . 정말 부득이 한 경우 에 만 연결 되 고 픈 기업
positive	다소 아쉬운 부분 은 있 지만 , 단순 하 고 직관 적 인 구조 라 쉽 게 쇼핑 가능 해서 좋 아요
positive	요즘 에 자주 사용 하 는 있 음 ~~
positive	좋 게 좋 게 사용 하 고 있 습니다 ~
positive	최저 가 특가 상품 들 굿
positive	좋 음
negative	앱 속 도 왜 이런 가요 ? 저 는 겨우겨우 로그인 은 했 는데 로그인 안 된다는 분 들 이 많 네요 앱 으로 인해서 롯데 쇼핑 을 이용 하 기 싫 은 기분 까지 드 네요
positive	너무너무 맘 에 드 네요 내 스타일 이 에요 ~♡
positive	물건 싸 게 구입 하 고 있 어요
negative	로그인 불편
negative	이리 개떡 같 은 앱 은 첨 일세 . .. 자꾸 오류 나 서 주문 이 안 됨 ㅡ . ㅡ
positive	수고 하 세요
positive	좋 아요
negative	앱 반응 속도 가 상당히 느리 고 오류 로 자동 종료 되 는 경우 가 잦 음 .
negative	앱 설치 도 설치 누르 니까 계속 취소 되 고 결제 하 기 도 안 되 고 자기 혼자 꺼졌 다 켜졌 다 난리 를 부리 는 데 사 라는 건지 말 라는 건지 모르 겠 네요 ?
negative	무음 으로 해 놓 고 설정 을 무음 으로 해도 앱 알림 이 자꾸 진동 울림
positive	사용 하 기 에 편리 해요 ~
negative	결제 안 되 는 쇼핑 앱 . 아 이러 니 아닌가
negative	제품 거의 중고 수준 임
negative	회원 가입 도 않 되 고 몇 시간 째 로그인 만 반복 이따 이 을 어 플 때문 에 시간 만 벌려 습니다 . .
positive	굿
negative	사무실 에서 폰 무음 으로 해 놓 고 쓰 는데 이 앱 ( 엘 롯데 도 ) 만 진동 알림 으로 옵니다 . 설정 을 바꿔도 진동 이 오 고 알림 을 꺼도 진동 이 울리 고 무음 으로 바꿔 놔도 울리 고 . 심지어 앱 내 에 는 알림 설정 도 없 음 . ...^^^^^^ 진짜 하루 에 두 번 씩 깜짝 놀 라네요 삭제 해야 지만 안 울리 려나 봐요
negative	네트워크 를 확인 하 라는데 . 서버 내려간 거 같 네요 . 서버 관리 좀 잘 부탁 합니다 . . 어 플 이 안 켜 져 . .
negative	앱 이 안 열려요 . 몇 번 을 지웠 다 다시 깔 아도 제대로 된 앱 실행 이 안 되 요 . 너무 답답 합니다
positive	좋 아요
negative	모바일 로 는 찾 는 메뉴 가 안 보여서 PC 버전 으로 보 려는데 왜 자꾸 클릭 할 때 마다 모바일 버전 으로 바뀌 는지 도 모르 겠 고 그럴 거 면 PC 버전 왜 적 어 놨 는지 도 궁금 하 고 1 : 1 문의 에 사진 등록 하 려는데 에러 나 서 안 올라갈 거 면 왜 이 기능 을 만들 어 놨 는지 도 의문 스럽 고 여러모로 쇼핑몰 이용 할 마음 이 싹 가시 게 하 네요 ^^
positive	전반 적 으로 좋 습니다
negative	멍 미 ? 머 하 자는 건지 ?
negative	앱 오작동 이 너무 많 아요 . 지웠 다 깔 아도 해결 되 지 않 네요 . 계속 이상 한 알림 이나 오 고
negative	추석 잘 보내 시 고 계시 나요 . . 로그인 안 되 는 거 는 알 고 계신 지요 롯데 닷컴 없애 는 중 인가요 ? 공지 라도 쫌 띄우 시 지요 ~~~
negative	첫 화면 에서 안 넘어감 ;; 뭐 하 냐 진짜 ㅋㅋ
positive	롯데 닷컴 친절 배송 마음 에 들 어요
negative	쓰레기 . 롯데 계열 앱 진짜 쓰레기 네요 . 개발자 들 월급 들 안 아까워 요 ? 되 는 게 잇 어야 쓰 지 광고 는 왜 합니까 어 플 이 들어가 지 지 도 않 는데 .
positive	잘 사용 하 고 있 습니다 감사 합니다 .
negative	네트워크 연결 확인 하 라고 수시로 튕기 는 게 자꾸 계속 되 요 다른 거 는 다 잘 되 는데 롯데 닷컴 앱 만 왜 이래요 ?
negative	비회원 이 라 배송 조회 주문 번호 랑 이메일 치 고 들어가 려는 데 틀린 것 도 하나 없 는데 안 들 어 가지 는 클라스 11 번 가 나 다른 곳 에서 살 때 믿 거 롯 일 정도 에 요
positive	가성 비 , 가심 비 제품 많 아요 .
negative	인터넷 으로 롯데 닷컴 들어가 는데 서버 오류 인지 뭔지 자꾸 안 들어가 져서 앱 깔 았 더니 앱 은 네트워크 문제 다 뭐 다 하 면서 실행 이 안 돼요 . . 빠른 해결 조치 가 필요 할 것 같 아요 : (
negative	네트 웤에 이상 없 는데 확인 하 라네요 . .. 덕분 에 온 오프 를 몇 번 을 하 고 앱 재설 치를 몇 번 했는데도 일관 되 네요 , 메세지 가 . .. 어 이 가 없 네요
negative	추석 이 라고 앱 닫 고 놀 고 있 음
negative	택배 가 도착 이 안 됐 어요 . 문자 만 오 고 , 카톡 만 오 고 어 케 된거요 ?
negative	진짜 뭐 상품 이 품절 되 면 바로 바로 말 좀 해 줘야지 ㅋㅋ 일 주일 뒤 에 보내 ㅋㅋ 자꾸 보내 네 ㅋㅋㅋ ㅋㅋㅋ ㅋㅋㅋ ㅋㅋㅋ ㅋㅋ
negative	너무 황당 해서 이곳 이 정말 뭐 하 는 곳 인지 궁금 하 네요 1 . 9 / 12 일 에 상품 2 개 ( 버섯 , 곶감 ) 구매 2 . 9 / 13 오전 버섯 배송 에 대한 문자 : 오늘 배송 하 면 주말 에 받 아서 상품 에 문제 가 있 을 수 있 으니 9 / 17 일 에 배송 할까요 ? 라는 문자 그럼 당연히 17 일 에 발송 하 면 언제 받 는 확인 을 해 줘야 하 는 거 아닙니까 ? 그것 도 확인 못해 주 면서 왜 그런 문자 를 보 냅니까 ? 그 문제 가지 고 몇 번 을 통화 하 게 하 고 . 도대체 그 문자 의 의도 가 뭡니까 ? 3 . 9 / 13 오후 곶감 상품 에 대한 문자 : 제주 도라 배송 이 불가 하 니 취소 해라 . ... 전체 리뷰
negative	잡다 한 거 사 기 는 정말 불편 해요 . 최악 입니다 . 같 은 브랜드 도 배 송료 다 틀리 면서 장바구니 에서 구분 도 안 되 고 쿠폰 도 장바구니 쿠폰 도 아니 고 그닥 쓸 만 한 것 도 없 네요 . 무엇 보다 다른 데 가 훨씬 싸 요 .
positive	문제 없이 잘 사용 하 고 있 네요 ~
positive	제품 품질 이 좋 아서 믿 고 구매 합니다 .
negative	왜 한가위 잘 보내 세요 에서 안 넘어가 죠 ? 제 폰 의 네트워크 는 문제 없 는데 왜 네트워크 를 확인 하 라는 거 죠 ? 앱 이 이상 한 거 지 제 폰 이 이상 한 건 아닌데요 다른 앱 은 문제 없이 잘 됨 명절 이 라 쇼핑 도 말 고 푹 쉬 라는 의미 인가 봉가
negative	자꾸 네트워크 가 끊겼 다고 해서 지웠 다 깔 았 는데 도 안 들 어 가지 네요
negative	이 앱 도 명절 이 라 쉬 는가 봄 한가위 잘 보내 라는 첫 페이지 서 더 이상 넘어가 지 않 네 . .. 어이없 음
positive	믿 을 수 있 는 신뢰 가 확실 한 앱 이 라 좋 아요
negative	업데이트 가 떠 있 는데 계속 로드 중 에서 멈춰 있 어요
negative	써 글 놈 들 배송 완료 해 놓 고 못 받 아서 따지 기 위해 앱 설치 를 하 도록 유도 하 다니 악랄 하 기 짝 이 없 네
positive	영수증 응모 하 려고 에러 날까봐 걱정 했 는데 다행히 잘 되 네요
negative	9 . 12 일 저녁 부터 계속 오류 로 앱 이 안 열리 고 닫 혀요 . 빨리 해결 좀 하 세요
negative	무음 으로 해놨 음 에 도 알림 올 땐 진동 이 와서 알림 을 꺼버렸 어요 무음 이 필요 할 때 자꾸 진동 으로 알림 이 오 니 정말 번거 롭 네요
negative	노트 9 사용 중 인데 매일 정해진 시간 에 알 수 없 는 진동 이 울려서 제조사 에 문의 해 보 니 원인 이 롯데 닷컴 어 플 때문 이 라는 답변 을 받 았 습니다 . 3 rd party 앱 의 경우 해당 앱 을 사용 중 에 발생 하 는 오류 라고 하 는데 이 부분 수정 되 면 좋 겠 습니다 .
positive	.
positive	배송 빨라서 좋 아요
negative	로그인 하 려고 했 는데 되 질 않 음 나 만 그런 건지 아닌지 모르 겠 지만 영 쓸모 가 없 음
positive	좋 아요
negative	현재 lg g 5 기종 사용 중 입니다 . os 는 8 . 0 오 레오 입니다 . 알림 소리 진동 없 음 으로 설정 해도 알림 이 올 때 면 소리 진동 이 함께 오 며 설정 이 자동 으로 변경 되 어 있 습니다 . 메일 도 보내 드렸 구요 . 소리 진동 없이 알림 창 과 배지 로 만 알림 받 을 수 는 없 나요 ? 해결 방법 좀 알려 주 세요 .
positive	월요일 마다 쿠폰 행사 자주 해 주 니 백화점 상품 싸 게 사 기 좋 네요 ^^ 이벤트 더 많이 해 주 세요
negative	광고 올 때 무음 인데 도 진동 으로 오 는 게 싫 어서 삭제 합니다 .
negative	쇼핑몰 중 최악 매번 배송 늦 고 , 오 배송 교환 했 는데 또 오 배송 오 고 항의 하 면 복 붙 사과 하 고 , 2 주간 배송 안 되 서 문의 하 니 오류 생겼으니 직접 취소 하 고 재 주문 하 란다 지금 은 그때 혜택 도 다 없 어 졌 구만 아 재수없 어
negative	시스템 에러 가 너무 자주 발생 됨
positive	빠르 고 좋 아요
negative	‥ 청소기 가 가볍 고 ᆢ힘들지않고ᆢ걸레질하기가쉬어요ᆢ
positive	설치 해서 써 보 니 좋 은 점 이 많 네요 ~ 전 만족 합니다
negative	어 플 렉 이 심하 고 느려요 진짜 너무 답답 해요 쿠팡 이나 위 메 프 처럼 빠르 고 간편 하 게 간소 화 해 주 세요 주문 할 때 마다 답답 해요
negative	아니 친히 구매 를 해 드리 겠 다는 데 결제 도 못하 게 하 면 어쩌 란 말 입니까 ;;; 하나 부터 열 까지 맘 에 드 는 게 하나 도 없 네요 . 앱 은 좀 간편 하 게 만들 면 어디 덧나 나요 ? ;; 모바일 페이지 랑 똑같이 생겨 가지 고 렉 은 겁나 많이 걸리 네요 탈퇴 했 습니다 . 다시 는 가입 하 지 않 으렵니다 ; 얼마 하 지 도 않 는 옷 좀 사려 했 는데 시간 버리 고 짜증 만 나 고 이게 뭡니까 . 이거 읽 으시 고 분발 하 시 면 좋 겠 습니다 . 야밤 에 화나 서 적 어 보 았 습니다 . 잘 되 라고 드리 는 말 이 니까 감정 적 으로 받아들이 지 않 길 바랍니다 . 이만 .
negative	주말 에 구매 한 상품 을 취소 하 려고 보 니 비회원 으로 구매 해서 주문 번호 가 필요 하 길래 톡 으로 오 는 메세지 에 는 주문 번호 가 없 어서 조회 가 불 가능 하 고 로그인 을 햇 더니 주말 에 만 고객 센터 운영 안 하 고 어쩌 라는 건지 . .. 진짜 대 기업 인데 실망 이 네요
negative	앱 이 버벅 거려서 짜증 나 네 요 ;; 지웠 다 깔 아도 이상 해서 안 사용 해요
negative	아니 엘 포인트 통합 회원 휴면 풀 고 몇 번 을 해도 없 는 아이디 라고 나오 고 반품 을 하 고 싶 은데 주문 번호 도 안 보내 주 고 어떻게 취소 하 라는 거 죠 ;;; 사기 꾼 인가요
positive	편리 합니다 .
positive	가격 대비 완전 맘 에 들 어요 디자인 이 맘 에 쏙 듭니다
positive	좋 네요 ^^
positive	상품 잘 받 아 사용 하 려고 진행 중 입니다 .
negative	업데이트 참 어렵 네요 . 사용 하 기 완전 불편 .
negative	몇 일전 부터 앱 을 실행 하 지 도 않 았 는데 자동 으로 실행 되 어 쓸데없이 데이터 소모 되 는 현상 있 어요
negative	재고 부족 으로 일방 적 취소 를 하 면서 고객 에게 취소 를 떠넘기 는 . 어이없 는 쇼핑몰 . 주문 후 제품 을 기다린 고객 의 시간 은 전혀 고려 대상 이 아니 며 고객 센터 인건비 절감 차원 에서 취소 도 구매 고객 이 재고 부족 으로 인한 취소 를 신청 해야 함 .
negative	앵 이 왜 실행 이 안 되 나요 ? 황당 헐
negative	결제 하 려는데 오류 나 서 못 쓰 겠 음 걍 앱 을 없애 는 게 좋 을 듯
positive	정말 가볍 고 편해요 . . 저렴 한 가격 에 잘 샀 습니다 . . 블랙 도 살까 생각 중 이 예요 ~
negative	실행 안 시켰 는데 계속 앱 창 뜨 네요 이건 아니 지요
negative	난 잘못 해서 좀 거시기 하지만 우리 막 뚱 이 가 해줘서 마냥 행복 합니다 ! !!
negative	최악 이 네요 결제 안 되 는 앱 은 처음 봄
negative	장사 하 기 싫 으신 건지 결제 페이지 로 안 넘어가 고 오류 가 뜨 네요 그냥 앱 으로 안 하 고 인터넷 으로 하 니까 되 네요 앱 은 삭제 할게요 무 쓸모 인듯 . .
negative	어떤 이유 를 대 서 라도 반품 교환 환불 잘 안 해 줍니다 . 형편없 는 롯데 닷컴 . . 다시 는 이용 하 기 싫 네요
negative	이거 왜 로그인 이 안 되 죠 ? 비번 을 다시 바꿔 도 안 되 고 앱 을 다시 깔 아도 안 되 고 . . 계속 비번 이 안 맞 다는데 빨리 해결 좀 해 줘요 . 일 을 안 하 시 나 . .
negative	맞 는 비밀 번호 인데 도 로그인 안 됨
positive	오늘 배송 한 물건 매우 만족 합니다 수고 하 셨 습니다
positive	넘 깔끔 한 제품 구매 해서 기쁨 니 당 ~~~
negative	오류 가 너무 많 고 해결 되 는 게 없 어서 걍 지 마켓 이나 11 번 가 이용중 언제 쯤 개선 되 려나 . .. 내 포인트 좀 쓰 자
negative	앱 의 이용 이 원활 하 지 않 아요
negative	아니 회원 가입 이메일 을 보냈 다면서 왜 안 오 죠 ? ;;
negative	기프트 상품 딱 올려 놓 고 기프트 상품 안 보내 고 가격 측정 이 잘못 됐 다고 말 하 는 롯데 닷컴 . 고객 센터 전화 하 니 해결 은 커녕 상담원 은 죄송 하 다고 만 말 하 는 롯데 닷컴 ~ 고객 들 기만 하 지 말 아라 . 탈 퇴각
negative	마이 페이지 몇일 째 안 열립니다 . 저 만 그런 줄 알 고 몇 번 을 삭제 후 다시 설치 했 네요 . 빨리 해결 해 주 세요
negative	업데이트 이후 마이 페이지 가 안 열려요 . 다음 업데이트 때 젭 알 개선 을 . ..
negative	출석 매일 하 다가 업데이트 후 마이 페이지 안 열림 출석 포기
negative	6 월 14 일 업 뎃 후 마이 페이지 만 안 열립니다 .
positive	내 쇼핑 앱 탑 3 에 드 는 중 입니다 ㅋㅋ 탑 1 에 들 때 까지 특가 상품 더더 주세요
positive	일단 첫 구매 하 면 , 할인 쿠폰 진짜 많 아요 .
positive	상당히 편리 하 고 좋 아요
negative	잘 되 다가 최근 상품 검색 을 하 면 앱 이 중지 되 네요 . 해결책 없 을까요 ? 제거 후 다시 깔 아도 똑같 네요 .
negative	자꾸 앱 이 중단 되 엇 다고 하 는데 정말 짜증 나요 .
negative	상 품평 적성 할 려 가 마이 쇼핑 에 들어가 면 아무런 표시 가 안뜸 백지상태 입니다
negative	롯데 앱 너무 많 아요
negative	넘길 때 로딩 이 넘 늦 고 대부분 다양 한 디 쟌 , 소재 , 크기 별 제품 이 없 는 편 임 .
positive	쇼핑 잘 하 고 있 음
negative	쇼핑 이미지 로딩 버벅 거림 해결 해 주 세요 . 이미지 내려 보 는데 버벅 거리 고 오래 걸리 는 거 어떻 게 해결 안 되 는 문제 인가요 ?
negative	검색 순 변경 하 면 앱 꺼짐
positive	가성 비 , 가심 비 제품 많 아요 .
positive	멍청이 들
negative	이거 는 뭐 상세 검색 누르 면 앱 이 꺼진다
positive	상품 배송 이 빠르 고 제품 이 다 맘 에 들 어요
negative	업데이트 전 에 샀 던 상품 반품 하 고 아직 입금 되 기 전 인데 업 뎃 하 고 나 서 반품 상품 에서 그 상품 이 사라졌 는데 이거 뭔가요 반품 한 돈 도 아직 못 받 았 는데 사라지 면 어쩌 라는 건가요
positive	2 년 전남편 이 그레 이 색상 으로 구입 한 신발 이 었 는 데넘 ~ 편하 고 매일 찾 게 되 는 신발 이 라 아버님 과 남편 에게 블랙 으로 다시 사 드렸 다 . 발볼 이 넓 은 편 이 라 정 사이즈 보다 한 사이즈 크 게 샀 다 . 처음 에 정 사이즈 로 주문 했 는데 발등 부분 이 넘 타이트 해서 교환 했 는데 ARS 가 원활 하 지 못했 다 하 시 며 교환 배송 비 까지 면제 해 주 셨 다 . 친절 한 서비스 에 넘 감사 했 다 . 역시 롯데 ~
positive	좋 네여 ~~
negative	포토 후기 남 길 려면 앱 깔 아야 한다는 데 계속 인터넷 연결 확인 하 라며 앱 자체 에 들어갈 수 가 없 음 . . .
negative	업데이트 더럽 게 많이 하 네 . .
negative	엘머 니 사용 불가 ㅡㅡ
negative	함께 하 는 롯데
negative	꼭 업데이트 를 해야 하 는지 꼭 업데이트 를 안 하 면 못 쓰 게 해야 하 는지
negative	앱 을 키 지 도 않 았 는데 배터리 소모 가 제일 많 아요 ~ 뭔가 이상 하 네요
negative	정말 더러 운어 플 ㅋㅋㅋ ㅋㅋ 롯데
positive	강 제업 뎃즐
positive	딸 이 보내 준 전복 ~ 싱싱 하 고 크 기 도 커서 회로 도 먹 고 , 구워서 도 맛있 게 먹 었 답니다 ~^^ 양 도 많 아서 몇 마리 는 냉동 ~ 며칠 있 다가 손녀 올 때 구워 줄 거 예요 ~^^
positive	좋 아요
negative	롯데 는 포인트 야
negative	별로 예 요
negative	기기 때문 인지 업데이트 가 되 지 않 아 쇼핑 을 못 하 고 잇 어요 ㅠ
positive	왠만 한 물건 들 은 다 있 어서 저렴 하 게 잘 구입 하 고 있 어요
positive	좋 아요
negative	강제 업데이트 똥 이 다
positive	용량 부족 으로 어려움 이 많 네요 ~
negative	업데이트 안 하 면 앱 못 쓰 게 하 는 강제 업 뎃은 똥 이 야
positive	좋 아요
negative	롯데 닷컴 만 열심히 이용 해서 플래티넘 만들 었 더니 무배 혜택 사라지 고 장바구니 상품 은 다 어디 로 ㅠ가버리고 코로나 때문 에 전화 상담 안 되 고 1 : 1 대응 도 폭 주라 문 의 글 이나 남기 라고 해서 문 의 글 남겼 더니 돌아오 는 대답 은 어쩔 수 ㅠ없다라니요 . . 무슨 이런 경우 가 있 는지 . . 그래도 옛정 이 있 어 다시 사용 해 보 려 보 니 뭐 가 이리 단순 해졌 는지 카테고리 도 부족 하 고 암튼 별로 네요
negative	회원 가입 을 하 는데 마지막 에 에러 가 나
positive	매장 오 고 가 는 시간 을 요 어 플 로 줄이 네요 ~ 항상 감사 합니다
negative	와 . . 이거 뭐 임 . . 랙 보 소 . ... 아 ㅡ . .
positive	써 봐야 알 제 인제 설치 했 다
negative	다른 쇼핑 앱 보다 빠른 거 인정 잘 하 고 있 는데 음성 인식 왜 넣 는지 ㅠㅜ
negative	상품 이 많 아서 자주 볼래 도 웹 이나 앱 이나 항상 스크롤 이 버벅 대서 쇼핑 을 할 수 가 없 어요 앱 초창기 부터 그랬 는데 언제 고쳐 지 나요 ?
negative	ㅇ기능은 쓸 만 함 . 그러나 배터리 소모 가 최악 임 . 다른 모든 앱 을 합한 것 보다 더 많이 소모 하 는 블랙홀 . 반드시 개선 되 어야 함 .
negative	최악 의 쇼핑 어 플 ㅡㅡ 구동 자체 가 느려 터지 고 오류 투성이 라 뭘 살 수 가 없 음 ㅡㅡ
positive	감사 합니다
negative	인터넷 연결 을 계속 확인 하 라고 만 뜨 네요 ㅜ 와이파이 데이터 모두 연결 이 안 되 요 ㅜ제폰 문제 일까요 ?
positive	좋 아요 ! !!!
negative	최근 에 정렬 후 에 사진 이 안 바뀜 .
positive	좋 아요
positive	좋 아요 . ..
negative	진짜 쇼핑몰 중 언서 최악 의 인터페이스 와 최악 의 속도 를 자랑 하 네요 롯데 닷컴 직원 들 은 집 에서 인터넷 쇼핑 은 티몬 이나 쿠팡 만 이용 하 시 죠 ? ? 직접 쓴다고 만든 건 아니 란 확신 만 더 합니다
positive	뭐 야 이 어 플 은
negative	결제 가 되 야 결제 를 하 죠 . ... ㅠㅠ
positive	예뻐서 맘 에 든다고 했 더니 저희 딸 이 구입 해 주 네요 예쁘 게 잘 ~ 신 을께요
negative	왜 죠 . 왜 이런 거 죠 결제 할려고 하 는데 자꾸 팅 깁니다 . 제 폰 이 문제 라고 칩시다 . 그런데 이 앱 자체 가 . . 답답 하 네요 . ...
positive	와우 좀 비거 5 가스 나 주 다니 마침 5 가수 가 필요 햤눈디
negative	2 주 는 더 지난 거 같 은데 . .. 제거 후 다시 깔 아도 인터넷 에 연결 이 안 된다고 만 나오 네요 ㅋ 왜 이런 거 죠 ? 스마트폰 이 후 져서 ?
negative	갤럭시 S 9 시리즈 에서 급 방전 문제 가 발생 합니다
negative	며칠 째 앱 실행 이 안 돼요 개선 해 주 세요
positive	더 편리 하 고 나 은 앱 으로 거듭나 길 바랍니다
negative	업 뎃하고나서 롯데 닷컴 중지 되 었 다고 . . 창 이 시도 때 도 없이 떠요 재 설치 해도 똑같 네요 왜 이런 건지 해결 좀 해 주 세요
negative	중지 팝업 짜증 나 서 삭제 해요 .
negative	업데이트 된 이후 되 는 게 없 어요 . 전화기 자체 가 . .. 다른 앱 을 하 는 중 에 도 롯데 닷컴 중지 팝업 이 떠서 . ..
negative	어제 오늘 접속 해 들어가 기 만 하 면 , 화면 멈추 고 폰 먹통 되 네요 . . 반 품건 도 있 고 알림 올 때 마다 드러가 게 되 는데 앱 다시 깔 아도 그렇 고 상당히 짜증 납니다
negative	업데이트 이후 자꾸 중지 되 었 다는 팝업 이 떠서 다시 지우 고 새로 깔 아도 팝업 이 자꾸 뜹니다 이런 경우 오히려 업데이트 를 안 하 는 게 더 좋 지 않 았 을까 생각 이 드 네요
negative	배송 으로 실망 시킨 적 은 없 는 롯 데온
negative	몇 개월 전 부터 계속 버벅 대거 나 접속 오류 거나 에러 거나 멈추 거나 함 . 많 은 사람 들 이 안 된다고 하 면 원인 해결 을 하 세요 . !!! 이렇게 안 되 고 불편 한 앱 으로 어떻게 하 라는 건지 . 일부러 그러 는 건지 . . 롯데 가 맞 는 건지 . . 그래서 플 레티 늄 등급 버리 고 딴 쇼핑몰 로 갈 아 탐
negative	무슨 홈 쇼핑 에서 나 와 는 중 에 구매 를 했 는데 , 롯데 닷컴 에서 구매 한 것 이 니 상담 을 그쪽 ( 닷컴 ) 에서 하 라는 등 , 여러모로 최악 입니다
positive	롯데 온 좋 슴당
negative	편리 한 쇼핑 이 길 바랍니다
negative	갤럭시 s 9 새로 구매 해서 어 플 깔 았 는데 배터리 소모 가 빨라서 a / s 센터 문의 하 니 어 플 이 갤럭시 s 9 고 성능 을 따라오 지 못해 사용 하 지 않 은 상태 에서 도 배터리 를 소모 한다는 데 어떻 게 된 건가요
positive	넘 좋 은 것 같 아요
negative	앱 을 깔 았었 는데 얼마 전 부터 화면 상 에 는 있 는데 설치 가 안 되 었 다고 하 네요 . 지우 고 다시 깔 려고 해도 앱 이 안 깔리 네요
negative	너무 여러 가지 상품 이 복잡 하 게 진열 되 어 있 어 보 기 싫 은 앱 이 라 잘 사용 안함
negative	엘 롯데 도 되 는데 롯데 닷컴 은 어느 날 부터 인터넷 연결 이 안 된다고 뜨 고 다기 깔 아도 안 되 요
negative	어 플 업 뎃이 잘 안 되 요
negative	저 한테 맞 는 쇼핑 묠이라 생각 해 봄 니다
negative	진짜 최악 의 앱 이 네요 .
negative	아니 앱 이 안 열려 . ㅋ
negative	ㅋㅋ ㅋㅋ 정말 다운 받 고 충격 받 았 어요 ㅋㅋ ㅋㅋ 아니 ㅋㅋㅋ 모바일 앱 만들 지 를 말 던가 정말 후기 남기 게 하 는 머 찐 앱 느려 터져서 사용 할 수 없 음 . 아프리카 에서 인터넷 해도 이거 보다 빠를 듯
negative	결제 단계 에서 계속 멈춤 ~ 물건 을 팔 려고 만든 건지 , 고객 열받 게 하 려고 만든 건지 ~
positive	참 좋 은 앱 이 예요
negative	드럽 게 안 들어가 짐 최악
negative	업데이트 하 고 나 서 왜 자꾸 튕기 고 앱 이 자꾸 실행 멈춰요 . 왜 이런 겁니까 .
negative	왜 로그인 하 려는데 비 번작 성 이 안 되 는 이유 가 뭘까요 ? 제 핸 펀 문제 인 건가요 ? 다른 앱 에서 는 잘 만 되 는데 . .
negative	폰 키 기 만 하 면 롯데 닷컴 중 지창 뜨 는데 리뷰 보 니 고쳐 준다 하 길래 고쳐 주 겠 지 하 고 기다리 다 계속 떠서 짜증 나 삭제 해요 도대체 언제 고칠 건가요 ? 일 을 하 긴 하 는 건가요 답답 하 네요 정말
negative	정말 느리 고 절차 귀찮 고 최악 이 네
negative	그냥 기존 대로 가 도 전혀 문제없 는데 . .. 바꾼다는 건 뭔가 업그레이드 편리 성 아닌가요 ? 어떻게 바뀐 게 더 버벅 대 고 불편 한지
negative	왜 제 가 남긴 리뷰 삭제 된 거 죠 ? 최악 이 네요 ?
negative	너무 안 들어가 짐
negative	호 털 에 . 온 느낌 이 예요
positive	가장 자주 애용 하 는 쇼핑 앱
negative	그냥 초코 받 을려고 깔 는 거 예요
negative	검색어 입력 하 면 파라미터 안 가져가 는지 검색어 칸 빈 칸 으로 조회 못 함
negative	쓰레기 어 플 . 개발자 단두대 로 처형 시켜라 . . 최적 화 및 기본 적 인 기능 구현 도 제대로 못 하 는 무 능력 , 무 근본 개발자 의 작품
negative	상 품평 남기 면서 사이즈 ' 크다 ' 로 선택 했 는데 , 고객 만족도 에 는 ' 작 다 ' 로 나옴 . 상 품평 이 1 명 이 면 ' 크다 ' 가 반영 되 어야 하 는 거 아닌가요 ? 고객 센터 직원 답변 은 수정 해서 다시 올리 라고 만 함 . 그걸 안 해 보 고 문의 를 했 겠 습니까 . 앱 도 불편 하 고 고객 센터 답변 도 성 의 없 고 . ..
positive	배송 도 빠르 고 상품 도 만족 해요
positive	다양 한 제품 선택 이 용이 하 고 , 앱 전용 할인 혜택 에 엘 포인트 사용 까지 되 서 저렴 하 게 구입 했어요
positive	필요 한 것 에 대해 흡족 한 금액 으로 구매 가 가능 해서 만족 합니다 .
positive	코트 샀 는데 원단 도 좋 고 , 가격 도 착하 고 ~ 잘 득템 했 어요 ~
negative	업 뎃 , . 쓰 기 어렵 구 복잡 해요 ㅜㅠ 원래 의 롯 데 다 컴 돌아와 . .
positive	최고 입니다 제품 도 다양 하 게 많 고 ~
positive	빠른 배송 저렴 한 상품 모두 만족
positive	너무 이쁘 고 좋 아요
negative	롯데 닷컴 중지중 지어 케 좀 해 보 세요 짜증 나 게 계속 뜸 네요
negative	오류 안 고칠 거 냐 ? 왜 롯데 닷컴 앱 때문 에 내 휴대폰 쓰 는 게 불편 해야 하 냐
positive	완전 좋 아요 !
positive	Not bed
negative	롯데 계열 에 쇼핑몰 들 에 상품 들 을 한꺼번에 주문 할 수 있 다는 게 장점 ~
negative	바뀌 고 나 서 더 불편 해서 안 쓰 게 됨 . 차라리 신세계 쪽 으로 사용 하 고 있 음 . 진짜 쓸 데 없 고 복잡 하 게 바뀜
negative	주문 한 상품 배송 이 언제 되 나 궁금 해서 들어갔 다가 메인 홈 에서 움직이 질 않 고 계속 멈춰 버리 니 열받 아서 지워 버 렷 네요 ㅡㅡ상품을팔려면 앱 관리 좀 잘 하 시 져 ! ! 다신 롯데 닷컴 에서 안 삽니다 ㅡㅡ
positive	조금 은 얇 은 듯 하나 여름 에 입 기 에 는 좋 을 듯 합니다
negative	인터넷 연결 이 안 된다는 데 다른 앱 은 열리 는데 문제 가 있 으면 조치 를 취해야 하 지 않 을까요 주문 해야 하 는데 당황 스럽 네요
positive	오 . 류 . 수 . 정 . 이 가장 시급 할 때 네요 . .
negative	앱 을 열 려고 하 니 인터넷 연결 이 되 지 않 는다고 자꾸 뜨 네요 . 앱 을 지우 고 다시 설치 해도 똑같 은 증상 이 반복 됩니다 . 추가 로 또 씁니다 . 앱 은 들어가 지 지 도 않 고 지우 고 깔 고 를 반복 했 어요 . 그런데 마일리지 소멸 된다고 카톡 오 네요 . 뭐 이런 앱 이 다 있 는지 열받 고 또 받 네요 .
negative	반품 결제 수단 을 다른 걸 만드 시 던지요 되 지 도 않 는 카드 결제 최악 이 네요
positive	집 에 받 을 사람 이 없 어 현관문 앞 에 두 고 가 셨 는데 무거운 거 라 편하 게 들 고 올 수 있 었 네요
negative	자동 업데이트 후 에 인터넷 연결 을 확인 하 라는 말 만 나오 고 열리 지 를 않 네요 . 며칠 동안 앱 을 지우 고 깔 아 봐도 똑같 아요 . 무슨 앱 을 이렇게 업 뎃해놓고 오류 수정 은 안 하 는지 . .
negative	업데이트 가 . 안 되 요
negative	로그인 을 가끔 하 게 되 는데 한 번 으로 끝나 지 않 고 여러 번 하 라 하 니 번거로웠 는데 업데이트 한 후 엔 어떨지 또 지켜보 아야 하 겠 습니다
negative	언제 부턴가 ;; 어 플 이 오류 많이 뜨 고 검색 해도 하얀 창 만 뜨 고 어 플 을 껏 다 켰 다 반복 을 자주 해 줘야 함 앱 좀 관리 좀 하 세요
negative	아 겁나 느려졌 음 ㅡㅡ
negative	앱 이 자동 으로 업데이트 된 이후 로 아예 열리 지 가 않 네요 .
negative	업 댓 이후 상품 상세 보 기 가 되 지 않 습니다 . 물건 이름 만 보 고 결제 하 라는 건지 . 컴퓨터 없 으면 쇼핑 을 할 수 없 어요 .
negative	아니 업 뎃한 이후 에 는 상품 상세 정보 보 기 가 되 지 않 는데 뭘 보 고 쇼핑 을 해요 ? 옵션 선택 은 되 는데 상품 리스트 가 안 보이 면 어떡 해 . . 빨리 개선 해 주 세요
negative	앱 설치 안 되 어 있 다 해서 제거 하 고 다시 설치 함 겁나 느려 짐 빡 침 ㅡㅡㅋ빤낭 개선 좀 해 주 셈 ㅡㅡㅋ
negative	전 엔 잘 됐 는데 언젠가 부터 업 뎃하고나서부턴 화면 로딩 도 엄청 길 어 지 고 . . 기다리 다 앱 종료 한두 번 아닙니다 . . 그리고 어제 업데이트 하 고 나선 상품 보 러 들어가 면 상품 페이지 는 아예 뜨 지 도 않 는데 뭘 보 고 주문 을 하 죠 ? 검색 기능 은 있 으나 검색 하 면 하얀 바탕 만 뜨 네요 . . 개선 해 주 세요
negative	업데이트 된 다음 이상 합니다 ㅠ
negative	엘 페이 기능 도 잘 안 돌아가 고 엘 페이 관련 앱 수정 한다면서 왜 그 기간 에 엘 페이 행사 해요 ? ?
positive	아직 은 ~ ㅋ
negative	배송 에 신경 써 주 세요 보내 실 때 상품 상태 등등
negative	세상 에 앱 관리 를 어 케 하 시 는지 회원 가입 됐 다구 해 시 다가 아니 라구 했 다가 몇 번 씩 가입 하 구 재 설정 하 구 화 가 나 서 이 어 플 안 쓸 랍니다 다른 곳 에서 구매 하 네요
negative	인터넷 연결 안 됨 나오 며 계속 종료 됩니다 .
positive	가격 싸 고 빠른 배송 에 감사
positive	좋 아요
positive	오늘 처음 써 봤 는데 , 괜찮 네요 .
negative	업데이트 싫 어서 제거 합 니자 . 앱 말 고 그냥 피시 도 다 능하 게 하 지 . .
positive	Good
negative	상 품평 작성 할 때 앱 에서 는 사진 첨부 가 안 됩니다 . 그리고 엘 포인트 적립 신청 도 앱 에서 는 안 되 고 PC 에서 만 가능 하 다네요 . 여러 보로 번거 롭 고 별로 에요 . 이런 부분 업 뎃이 필요 합니다
positive	계속 좋 은 업 뎃 부탁 드려요 ~~
negative	인터넷 연결 을 확인 하 세요 . . 라는 대요 ? ?? 주로 여기 서 쇼핑 하 는데 . . 안 열려서 답답 네요
negative	너무 속도 가 느리 다
positive	자동 으로 최대 할 인적 용 시스템 이 편하 네요
positive	종류 별 로 다양 하 게 게 나온 것 같 아서 편리 하 고 좋 네요 .
negative	고객 님 안녕 하 세요 , 롯데 닷컴 입니다 .
negative	진짜 짜증 나 서 못해 먹 겠 네요 인터넷 연결 확인 하 라고 계속 떠서 앱 은 들어가 보 지 도 못하 고 머 어떻게 하 라는 거 예요 ㅡ 어짜피 못 볼꺼 앱 은 왜 만들 어 놓 은 건지 모르 겟 네요
negative	검색 한 상품 다시 초기 화 홈 으로 돌아가 고 또 검색 해 놓 으면 바로 초기 화 아휴 하 란 건지 말 란 건지
negative	설치 되 지 않 은 앱 이 라고 나와서 업데이트 했 는데 , 계속 안 되 네요 . 설치 되 지 않 은 앱 이 라고 나옵니다 . ..
negative	업데이트 이후 자꾸 인터넷 연결 이 안 되 었 다고 함 ! 진짜 짜증
negative	업 테이트 하 더니 검색 도 안 되 고 느리 고 . ... 인터넷 접속 도 안 된다 하 고 제 대오 갖춘 담 에 오픈 했어야 하 지 않 나요 ? 롯데 닷컴 잘 이용 하 고 있 었 는데 이런 거 왜 만들 었 는지 . .. 신세계 몰 로 갈아타 야 겠 어요
positive	매장 픽업 하 면 가격 더 다운 되 네요 . 괜찮 아요
positive	물건 가격 이 저렴 해서 좋 다 .
positive	잘 사용 합니다
negative	맨날 그만 좀 업 뎃해요 ㅜ 필요 도 없 는데
negative	앱 에서 는 상품 검색 이 안 되 서 매번 이곳 에 와서 앱 을 열 어야 되 니 . . 업데이트 를 왜 한 거 죠 ?
negative	에러 심하 고 느리 고 ㅜㅜ 잘 좀 만 듭시다
negative	진짜 멋 데 로 네 !
negative	언젠가 부터 카테고리 적용 후 검색 을 하 려면 제멋대로 전 화면 으로 넘어갑니다 . 앱 삭제 후 다시 깔 아도 마치 가지 이 구요 . 어떻게 해야 하 나요 ? 검색 란 에 제 품명 을 일일이 쳐서 검색 해야 하 나요 ?
positive	타사 홈 쇼핑 들 은 잘 되 는데 롯데 닷컴 은 매번 오류 , 이미지 없 어 지 고 . . 프로그램 운영 자 를 바꾸 시 는 게 ㅜ
negative	앱 업데이트 되 면서 상세 는 아예 나오 지 도 않 음 지우 고 다시 깔 아도 마찬가지 .
positive	어 플 사용 해서 쇼핑 하 니깐 확실히 편하 고 좋 네요 ~ 애용 할께요
positive	침구류 싸 게 잘 샀 어요 ! ! 아이 들 이 좋 아 하 네요
negative	오른쪽 상단 에 탭 하나 생긴 후 로 는 앱 열리 지 않 음 스토어 들어가 서 열 기 눌러서 들어감
negative	왜 계속 앱 이 검색 오류 나 고 실행 이 안 되 죠 ? 삭제 후 재 설치 데이터 삭제 해도 안 되 고
negative	계속 오류 뜨 고 다시 껐 다 켜 야 되 고 급기야 이제 는 아예 앱 설치 가 안 됐 다고 바로 가 기 도 안 되 고
negative	폰 이 구려 선줄 알 았 는데 최 최신 폰 으로 바꿔도 다운 이 . .. ㄷ ㄷ 백 번 다운 받 겠 음
positive	요즘 같 은 시국 에 생활 을 편리 하 게 해 주 네요
negative	다운 이 안 되 요 정말 최악 !
positive	편하 게 쇼핑 하 네요 ~ 너무 좋 아요 ! !!
negative	인생 최악 의 어 플 . 엘 페이 연동 도 잘 안 되 고 ( 주결 제 수단 등록 하 라고 하 는데 이미 등록 해 놓 은 카드 선택 이 안 됨 ) 어 플 실행 도 안 되 서 다시 깔 았 음
negative	오류 가 너무 자주 나 요
positive	좋 아 여 ^^
positive	고객 센터 이용 이 편리 하 고 , 친절 해요 . . 오늘 문 의 한 내용 빠른 처리 너무 좋 았 어요
negative	여러모로 좀 할 만 하 네요
positive	특가 상품 좋 네요 . 미리 볼 수 있 으면 더 좋 을 듯
positive	완 죠니 편리 하 고 좋 아요 . . 엄마 랑 같이 조금 전 에 쇼핑 했 네요
negative	오랫동안 롯데 닷컴 플래티넘 + 등급 유지 해 왔 는데 이번 개편 으로 한 순간 에 리셋 됐 네요 . 높 은 등급 이 라는 건 그만큼 충성 고객 이 고 단골 이 라는 얘기 인데 조금 만 배려 를 했 다면 기존 의 등급 유지 기간 까지 는 혜택 을 유지 하 게 하 거나 또는 대체 할 만 한 혜택 을 제공 하 는 등 대안 을 고려 해 볼 수 도 있 었 을 텐데요 . ( 다른 리뷰 보 니 나중 에서 야 쿠폰 지급 받 으신 분 들 있 는데 전 받 은 게 없 고 , 누군 주 고 누군 안 주 는 건지 이것 도 참 황당 합니다 . ) 너무 갑작스러워서 혹시나 하 고 찾아보 니 약관 변경 메일 한 통 보내 셨 던데 모바일 에서 는 읽 기 도 힘든 깨알 같 은 글씨 로 두루뭉술 하 게 안내 할 것 이 아니 라 모든 등급 이 초기 화 된다고 정확 하 게 고지 를 해 줘야 남 은 쿠폰 이 라도 다 쓰 고 탈퇴 를 할지 말 지 결정 하 지 않 았 을까요 ? 왜 이렇게 고객 들 의 선택 권 을 무시 한 채 일방 적 인 방식 으로 진행 되 어 버린 건지 이해 하 기 가 어렵 습니다 .
positive	의류 구입 했 는데 만족
negative	맨날 업데이트 하 래 . . 로딩 도 겁나 길 고 다음 페이지 볼라면 하루 죙일걸려요
negative	꾸준히 이용 하 는 앱 중 에 하나 예요
negative	전체 적 으로 상품 이 싸 고 좋 은 거 같 네요
positive	쇼핑몰 중 에 좀 깔끔 하 고 보 기 편하 게 되 어 있 는 거 같 아요 ! ! 전 나름 만족 중 입니다 ~
negative	업 뎃이 되 면 분명 기존 보다 더 편리 하 고 좋 아 져야 하 는 것 일텐데 . .. 오히려 더 불편 하 고 사용 하 기 힘 듭니다 . 화면 도 자주 깨지 고 무엇 보다 기존 에 선물 했 던 주소록 도 몽땅 사라지 고 없 고 . .. ㅠㅜ 상품 도 다른 사이트 에 비해 특별히 뛰어난 점 이 두드러져 보이 는 것 도 없 고 . ..
positive	제품 도 많 고 검색 하 기 좋 네요 .
negative	오류 인가요 ? 인터넷 연결 하 라고 뜨 면서 접속 이 안 되 요
positive	빠른 배송 부탁 합니다 ~~
negative	iOS 인데 리스트 에서 상품 상세 들어갔 다가 뒤 로 가 면 내 가 보 던 위치 가 아니 라 스크롤 탑 으로 올라가 있 어요 . 게다가 한 뎁 스 앞 으로 가져서 다시 해당 카테고리 들어가 서 또 스크롤 쭉쭉 내려야 해요 . 어떻게 든 포인트 좀 쓰 려고 쇼핑 중 인데 뒤 로 가 기 가 저 모양 이 라 그냥 상품 상세 안 보 고 리스트 에서 찜 하 기 해 두 고 찜 리스트 에서 다시 봅니다 . 이렇게 어렵 게 쇼핑 해야 하 는지 현 타가 와서 시간 쪼개 리뷰 까지 남겨요 . 이거 개선 개발 이 그렇게 어렵 나요 ? 그 밖 에 도 느린 거 , 스크롤 안 되 는 페이지 들 , 시스템 피커 오류 등등 자잘 한 버그 도 많 지만 뒤 로 가 기 탑 으로 가 는 건 좀 개선 해 주 세요 .
positive	신선 하 게 제품 이 오 고 , 할인 도 해 주 니 만족 안 할 수 가 없 네요
positive	요즘 봄맞이 옷 사 기 좋 네 용 번창 하 세요
negative	다시 롯데 닷컴 으로 돌려주 세요 . 이거 지난번 에 산 물건 이 없 어 지 고 생 난리 도 아닌데 왜 점점 더 이상 하 게 바뀌 는지 모르 겠 네요 . 사용자 입장 에서 생각 좀 합시다 .
positive	좋 아요
negative	스크롤 하 면 롯데 닷컴 앱 이 audio focus 을 가져가 서 재생 중 인 음악 이 멈춥니다 . 원인 분석 까지 해 드렸 는데 다음 업데이트 엔 꼭 수정 되 길 바랍니다 .
negative	배송지 수정 을 하 려는데 도대체 텍스트 입력 이 안 되 서 주 문 못함 뭔 이런 경우 가
negative	업데이트 하 라 해서 했 는데 이건 뭐 어 플 쓰 지 말 라는 거 같 아서 삭제 했 네요 브랜드 명 검색 도 안 되 고 찜 해 둔 상품 은 다 없 어 지 고 . . 저 만 이러 나 싶 어서 지인 한테 물 어 봤 더니 똑같이 이런다 네요 어 플 좀 고쳐 주 세요 . .;
negative	에러 가 너무 자주 남
negative	이번 에 바뀐 결제 화면 이 넘 별루 임 니다
negative	인터넷 연결 이 안 된다고 계속 닫 혀요 . ..
negative	광고 너무 싫 음
negative	자세히 설명 부탁 함 니다
negative	어 플 자체 는 좋 으나 멈추 는 현상 이 너무 자주 발생 하 여 보 기 짜증 나 는 정도 입니다 . 제발 업데이트 할 때 이런 현상 좀 수정 해 주 세요 ! !!!!
positive	대 기업 이 라 그런지 . 행사 및 이벤트 도 많 구 물건 사 기 좋 은 앱 이 에요 . .. 좋 은 제품 사 기 좋 은 곳 . 또 엘 포인트 도 죠 서 좋 아요 . .
negative	메일 로 오류 내용 보내 도 해결 안 해 주 고 뭐 하 자는 건지 역시 롯데 ㅋㅋㅋ
negative	왜 로그인 하 고 마이 롯데 나 장바구니 들어가 려고 하 면 다운 되 고 앱 이 멈추 는 거 지요 ? ?
negative	난 애초 에 여기 회원 가입 도 안 되 어 있 는데 왜 카톡 으로 계속 알림 이 오 는지 모르 겠 음
negative	회원 가입 쉬우면 뭐 하나 요 로그인 이 백날 해 봤 자 안 되 는데 , 로그인 안 되 서 비밀 번호 도 변경 해 봤 는데 시간 만 날렸 네요 . 댓글 보 니까 로그인 안 되 는 사람 들 몇몇 있 던데 문제점 확인 해본다고 답변 은 달 고 해결 은 안 하 시 나 봐요 ? ? 본인 들 이 직접 어 플 새로 깔 고 신규 회원 가입 해 보 세요 . 물건 사 려고 들어왔 다가 시간 만 날리 고 기분 만 나빠졌 네요 . 제 댓글 에 도 문제점 확인 해 보 겠 다고 답변 달 겠 죠 ? ? 댓글 도 자세히 읽 으시 는지 의문 스럽 네요 . . 빨리 어 플 신규 회원 가입 하 고 로그인 실패 뜨 는 거 해결 좀 해 줬 으면 좋 겠 습니다 .
negative	화나 네요 물건 배송 받 지 지 도 않 았 는데 기사 님 맘대로 배송 완료 하 고 지금 받 을 수 있 는지 없 는지 도 알 수 없 고 불쾌 하 네요
positive	🌞🌞🌞🌞🌞🌞🌞🌞🌞🌞🌞
negative	업그레이드 전혀 안 되 네요 . 실망 스럽 네요 .
positive	최고
positive	속도 가 정말 빨라졌 어요 . 앞 으로 도 잘 쓸 게 요 ~~♡
positive	쇼핑몰 이용 하 는 거 요즘 에 는 롯데 닷컴 많이 써요 ~~ 요즘 최저가 도 많 고 쇼핑 하 기 도 편해요 ! !
negative	물품 발송 이 불 가능 했으면 전화 를 줘야 알 지요 ? ? 일 주일 지나 도 연락 이 없 어서 봤 더니 . . 발송 불 가능 . ..? 그럼 전화 를 주 셔야 . . 알 꺼 아니 에요 . . 선물 할 물건 이 오 지 않 아서 참 고마워요 ( ^_^)
positive	감사 합니다
negative	앱 중지 계속 되 요
positive	샘플 고마워요 ~ 나중 에 도 많이 주 세요 ㅋ
positive	알아보 기 쉬운 전시 와 간편 결제 가 무척 편리 하 더라구요
negative	넘 자주 오류 남 쇼핑 하 다 모 좀 보 려면 오류 그럼 또 다시 검색 완전 짜증 상 품평 다 쓰 고 올릴 려고 하 면 잘 되 지 도 안 고 완전 느려 짐
negative	깔 기 전 에 잘 생각 해 보 고 결정 하 세요 난 시간 이 매우 많 고 인내심 이 길 다면 다운 받 으세요 후기 도 한 번 찾아보 시 고요 전 이번 물건 만 받 고 바로 삭제 할 겁니다 아 일 주일 동안 물건 안 보내 서 언제 받 을 지 는 모르 겠 지만 요 일찍 알려 줬 으면 다른 곳 에서 샀 을 텐데 전화 하 고 나 서 야 배송 지연 인 줄 알 았 네요
positive	구매 한 제품 이 넘 좋 아요
negative	그 동안 잘 이용 했 는데 몇 일전 부터 몇 번 을 제거 하 고 다시 깔 아도 오류 입니다 짜증 나 서 못하 겠 네요
negative	갤 5 사용 중 인데 업데이트 하 려 보 니 기기 와 호환 되 지 않 는다고 뜹니다 . 사용 할 수 없 는 건가요 ?
positive	결제 할 때 마다 인증 번호 안 와서 상담 했 더니 삭제 하 고 다시 설치 하 라고 하 다니 방법 이 이것 뿐 인가요 ? 그 동안 불편 함 없이 잘 써 와서 계속 사용 했 는데 지금 몇 번 째 삭제 와 재 설치 인지 빨리 좀 개선 하 세요
negative	진짜 구림 . 스마트 픽 때문 에 이용 하 고 싶 어도 , 페이지 가 안 넘어가 고 검색 이 매우 불편 함 . 이번 물건 만 사 고 바로 삭제 할 거 다
negative	잘 되 다 인터넷 연결 확인 하 라는 문구 가 뜨 면서 접속 불가 네요 . 삭제 후 재 설치 해도 않 되 는 건 어떻 게 된 건지 도통 모르 겠 어요 . 확인 부탁 합니다 .
negative	업 뎃안되서 제거 하 고 다시 깔 려고 하 니 이젠 깔리 지 도 않 네요
negative	롯데 앱 을 3 개 깔 았 는데 슈퍼 도 느리 지만 이 앱 은 핸드폰 성능 을 떨어뜨리 네요 다른 앱 까지 느리 게 영향 을 끼쳐 삭제 했 더니 다시 빨라진 것 보 니깐 확실히 문제 가 있 네요
negative	상담원 부터 서버 상태 까지 최악 중 에 최악
negative	사용 하 는 쇼핑몰 중 유일 하 게 인터넷 연결 확인 하 래서 삼 일 에 한 번 꼴 로 지웠 다 깔 고 있 슴 몇 달 째 이러 고 있 슴 . 거기 다 버벅거리 고 진짜 느 립니 다
negative	고객 의 의견 을 반영 했 다는 데 아래 나온 의견 은 고객 의 의견 이 아닌가 ? ? 글구 엘 페이 부분 결제 취소 나 수정 하 시 지 . .
negative	업데이트 설치 도 안 되 고 앱 겁나 끊 킴
negative	검색 중 에 끊김 . 자주 사용 하 기 매우 불편 함
negative	자동 로그인 도 안 되 고 이젠 아예 로그인 도 안 되 고 . . 덕분 에 G ★ 홈 쇼핑 이용 합니다 .
positive	물건 은 생각 햇 던 데 로 아주 맘 에 듭니다 . . 그치만 배송 이 기재 된 거 완 달리 많이 늦 었 어요 . 양해 해 달 라는 문자 는 왔었 지만 . . 조금 은 서운 합니다 ~
negative	sk 랑 연계 되 어 있 던 앱 이 좋 던데 이건 맨날 앱 다시 시작 이럼서 꺼지 고 진짜 너무 앱 이 엉망 이 에요 . ..
negative	다른 앱 은 문제 없이 실행 되 는데 롯데 닷컴 앱 은 인터넷 연결 을 확인 해 달 라는 메세지 가 나옵니다 . 왜 일까요 ? 네이버 에서 는 롯데 닷컴 접속 이 되 는데 왜 앱 에서 는 안 될까요 ?
negative	갤럭시 S 7 사용 하 고 있 습니다 . 구매 하 려고 배송 방법 을 스마트 픽 으로 체크 하 면 랙 이 걸려 아무것 도 작동 이 안 돼 전원 을 껐 다가 다시 켜 야 합니다 . 다시 시작 하 고 역시 스마트 픽 을 체크 하 면 동일 현상 반복 입니다 .
negative	오류 가 넘 많 아서 쓰 기 불편 한 앱 . 가입 , 로그인 으로 애먹이 더니 롯데 페이 카드 등록 도 안 되 네요 ! 보안 입력 창 뜨 고 입력 은 안 되 는 . ..
negative	업데이트 한 이후 부터 계속 튕김 로딩 시간 도 오래 걸리 고 빨리 개선 좀 해 줘요 뭐 하나 사 려면 다섯 번 은 껏 다 켜 야 돼 ㅡㅡ
positive	좋 아요
negative	레쓰비 가 왜 안 오 죠 . ..
negative	좋 은 제품 마니 올려 주 세 욤
negative	테스트 를 한 건지 ios 환경 에서 업데이트 대응 못 한 건지 http 에 러 나 고 ux 는 물론 이 고 검색 알고리즘 도 엉망 이 고 총체 적 난국 . 왜 만들 고 왜 광고 함 ?
positive	신격호 회장 님 앱 관리 좀 . 스타트업 이 만들 어도 이것 보다 나아요 .
negative	로그인 자체 가 안 되 고 비번 바꾸 어도 안 됨 메일 로 제출 하 라고 답변 달 지 말 고 시스템 오류 니 점검 하 세요 똑바로 만들 고 시작 해야지
negative	1 월 16 일 부터 주문 배송 조회 에러 뜹니다 몇 번 이나 삭제 하 고 다시 설치 를 매일 하 고 있 는데 안 되 어 문 의 사니 쿠키 삭제 하 고 최신 업데이트 하 라 해서 그대로 몇 번 이나 해 보 는데 안 되 네요 평소 에러 나 긴 해도 다시 로그아웃 하 고 로그인 하 면 되 었 는데 이번 엔 며칠 동안 안 되 고요 . 제 아이디 로 다른 핸 폰 으로 들어가 도 봐도 동일 현상 . .. 반복 이 네요 제 폰 문제 가 아니 라 제 아이디 문제 인 듯 해요 오늘 부터 는 결제 도 안 됩니다 . 플 레티 넘 이라 쿠폰 도 많 고 할인 도 잘 됐 는데 . .. 어째야 하 는 거 죠 ? 제 아이디 에 . 문제 가 생긴 건가요 ?
negative	롯데 에게 뭇 는다 앱 개발 해서 고객 에게 사용 하 기 편하 게 해야 롯데 에 관심 과 호응 받 는 거 아입니까 별 5 섯 받 아야지 고객 이 다 힘들 계 앱 만들 면 고객 이 있 으니 롯데 도 있 는 거 아입니까 어느 돌 대가리 가 앱 만드 렇는지 참 이 이런 하 네요 . 죽 을 놈 들 .
negative	앱 이 맨날 에러 나요 . 정말 성격 버리 기 딱 좋 은 앱 임
positive	배송 도 정말 빠르 고 좋 았 습니다
positive	지금 쿠폰 사용 할려구요 ~~^^
positive	좋 아요
negative	주문 한지 10 일 발송 한 지 6 일 째 . . 오늘 은 물건 이 오 려나 ? 송장 번호 알려 달 라고 해도 모른다 . 입점 업체 는 하루 종일 통화 안 돼 . 문 의 넣 어 봐도 엄한 답변 만 . . 이번 물건 오 면 앞 으로 롯데 닷컴 쓸 일 없 을 듯 . .. 다른 데 시켰 으면 두세 번 은 왕복 했 겠 네 . ..
positive	주문 한 물건 들 이 전체 적 으로 믿 을 만 하 네요 . 출퇴근 시간 에 도 느리 지 않 고 전 만족 하 면서 쓰 고 있 네요
negative	업데이트 되 고 좀 빨라진 듯
negative	앱 이 잘 실행 되 지 않 는 이윤 ? 항상 보 면 인터넷 연결 확인 하 라고 해서 앱 을 삭제 하 고 다시 실행 하 는 불편 함
negative	필요 해서 쓰 기 는 하 는데 중지 가 너 어 어 어 무 자주 돼요 ! !
negative	앱 실행 할 때 마다 새로 로그인 해야 함 . 자동 로그인 해도 안 됨 . 롯데 통합 하 고 부터 많이 불편 함 .
negative	상품 페이지 를 4 개 이상 보 면 아래 화면 이 까맣 게 되 면서 앱 이 재 실행 됩니다 . 너무 불편 해요 좀 편하 게 이용 하 고 싶 었 는데 말 예요 . 그리고 위시 리스트 보 기 를 웹 상 에서 제 가 설정 해 둔 폴더 로 볼 수 있 게 해 주 세요 . 다 분류 해 놓 고 앱 으로 위시 리스트 를 보 면 제 가 설정 해 둔 폴더 명 은 없 고 기본 카테고리 로 만 보 게 되 어 있 으니 여간 불편 한 게 아닙니다 ! !!
negative	로그인 이 왜 안 되 는지 비번 만 바꾼 게 몇 번 인데 왜 로그인 이 안 되 는 거 죠 ? ? 너무 짜증 납니다
negative	고객 님 , 안녕 하 세요 . 롯데 닷컴 입니다 .
negative	화면 꺼짐 이 안 됩니다 . 계속 켜져 있 음 ! ! 왜 그런 거 죠 ? 설정 도 없 는데 . ..
positive	저렴 하 게 구입 할 수 있 는 쇼핑 앱
positive	상품 이 항상 잘 포장 되 어서 마음 에 들 어요
negative	왜 다른 어 플 은 안 그런데 이 어 플 만 혼자 오류 나 나 요 . . 휴대폰 상태 체크 할 때 이 어 플 만 자주 오류 나 서 꺼 진다고 진단 내려 져요 . 앱 다시 열기 버튼 맨날 떠요
negative	왜 자꾸 튕기 나요 승질 나 죽 겠 네요
negative	가입 을 했 는데 로그인 도 안 되 고 비밀 번호 만 3 번 은 바꾼 듯 합니다 이용 해도 비회원 으로 이용 할 테 니 회원 탈퇴 해 주 세요 로그인 이 안 되 니 탈퇴 도 못하 고 있 네요
positive	이번 에 두 번 째 주문 해요 묵직 하 고 따숩 고 아주 만족 합니다 .
negative	원래 잘 썼었 는데 오 레 오 업 뎃 이후 앱 실행 후 상품 선택 에 스마트 픽 만 선택 하 면 아예 멎 어 버려요 . 진짜 성질나 는데 좀 해결 좀 해 주 세요 . ....
positive	아기 옷 득템 햇 음
negative	롯데 닷컴 매니아 인데 이 쇼핑 만 애용 했었 는데 열 번 째 지우 고 깔 러 들어왔 다 열받 아서 글 남기 네요 왜 자꾸 인터넷 연결 이 안 된다고 하 는 건지 다른 홈 쇼핑 은 안 그런데 ~~ 그러 다 보 니 이젠 없앨까 고민 중 입니다 난 롯데 홈 이 젤 로 좋 았 는데 요즘 지에스 나 씨제이 를 마니 이용 하 게 되 네요 이거 왜 이런 겁니까 ? 돌 겠 습니다
negative	물건 구매 하 려고 돈 을 입금 하 는 건 30 초 물건 발송 예정일 5 일 이 지나 그제서야 품절 상품 이 라고 취소 처리 취소 처리 하 고 도 환불 받 는 시간 은 3 일 받 아 먹 을 때 랑 내놓 아야 할 때 가 이렇게 달라서 야
negative	인터넷 연결 이 안 되 어 있 다고 계속 뜹니다 . 뭡니까 ?
negative	로그인 자체 를 할 수 없 네요 . . 마이 롯데 나 장바구니 클릭 하 면 앱 이 중단 되 요 . . 하 . .. 왜 . . 얘 만 이런 건지 . .
negative	앱 실행 시키 면 인터넷 연결 이 안 된다고 하 며 꺼지 네요 . .
positive	조금 복잡 하 네요 ~ 저 같 은 주부 에게 는 , , ,
negative	상품 하나 보 는 데 도 여러 번 튕기 고 여태 잘 되 던 카드 결제 도 카드 번호 오류 라고 뜨 고 . .. 요새 롯데카드 이벤트 하 던데 자꾸 오류 뜨 니 결제 도 이벤트 에 참여 도 못하 네요 . 이벤트 에 참여 도 못하 고
negative	그나마 검색 기능 이 좋 네요
positive	잘 정리 돼 있 음
negative	잘 되 다가 업데이트 되 고 나 서부터 지금 한 달 가까이 이 앱 을 못 쓰 고 있 어요 . 계속 멎 어서 상품 구매 를 할 수 가 없 네요 . 포인트 도 소멸 되 고 뭘 할 수 가 없 도록 되 어서 짜증 납니다 .
negative	로그인 할 때 자동 로그인 을 눌러 놔도 매번 다시 로그인 해야 하 고 설정 에선 선택 조차 안 되 네요 . 배송 조회 도 최 신화 가 안 되 는 건지 반나절 째 그대로 이 고 , 계속 화면 초기 화 현상 이 있 네요 . 많이 불편 합니다 .
negative	일 주일 전 의 어 플 업 뎃 이후 로 결제 시 에 오류 가 발생 합니다 . 마이 롯데 들어가 서 임시 데이터 도 삭제 해 봤 습니다 . 소용없 습니다 . 일 주일 전 에 도 전혀 문제없 었 는데 어 플 업 뎃 이후 로 이상 합니다 . 상품 선택 해서 결제 하 기 누르 면 화면 이 계속 멈춤 상태 입니다 .
negative	로그인 조차 안 되 는 이유 는 뭔가요 ? ?
positive	짜증 납니다 . 벌써 네 번 째 삭제 하 고 설치 하 고 와이파이 빵빵 하 고 데이터 빵빵 한데 실행 만 하 면 하루 뒤 엔 인터넷 오류 뜨 고 이게 뭡니까
negative	또 또 시작 이 네요 . 인터넷 연결 하 라고 하 더니 알 아서 창 닫히 고 ㅋㅋ 신기 하 네요 . 다른 건 다 잘 열리 고 잘 되 는데 ㅋㅋ 삭제 후 다시 재 설치 해봐도 똑같 고 . . ㅋㅋ 예전 부터 뭔 쿠폰 은 다운 열심히 받 아 놔도 적용 되 는 건 그닥 . . 거의 없 고 . 앱 개발 자분 이렇게 여러 사람 들 이 평가 글 남기 는 건 관심 있 게 보 고는 있 으신지 ? 어찌 답글 도 하나 찾아보 기 힘든 건지 ? 또 한 가지 . 상 품평 에 심한 욕설 을 쓰 거나 하 진 않 지만 불 만 있 는 상 품평 냉정 하 게 쓰 는데 기껏 쓰 고 나 니 툭하면 다운 . ㅋㅋ 상 품평 쓰 라고 만들 어 둔 거 면 제대로 좀 해 보 시 지요 .
negative	짜증 이 정말 나 는 군요 ~~~ 이런 글 전혀 안 쓰 는데 리뷰 남기 구 그러 지 않 는데 답답 해서 남 깁니다 돈 은 우리 가 쓰 는데 계속 삭제 하 구 다시 깔 구 참 ~ 나 는 나 만 그런 줄 알 았 더만 다 들 그러 시 네요 ~~ 고객 센타 연결 하 기 두 힘들 구 해 봤 자 짜증 만나 구 빨리 개선 좀 해 주 세요
negative	잘 사용 하 고 있 었 는데 오늘 갑자기 ' 인터넷 연결 을 확인 하 세요 ' 라는 창 이 뜨 면서 실행 이 안 되 네요 . . 와이파이 는 물론 데이터 연결 까지 되 어 있 는데 말 이 죠 . . 어떻 게 해야 하 나요 ? 해결 방법 좀 알려 주 세요 . ..
negative	최악 입니다
negative	새로 업데이트 후 인터넷 연결 을 확인 하 라는 문구 만 뜨 네요 사용 할 수 없 어요 왜 그러 는지요 인터넷 잘 터지 는데
negative	검색 안 되 고 사라지 고 로딩 길 고 며칠 째 이상 해요
positive	조금 씩 발전 하 고 있 슴 ^^
negative	앱 이 왜 케 느려요 ~ 갤 노트 8 인데 버벅 되 고 주문 하 기 도 느리 고 앱 을 보 기 도 힘들 어요 ~ 답답 합니다 . 업데이트 해도 별개 선보이 지 가 않 네요 ~ 개선 부탁 드려요 ~
positive	친절 하 게 잘 받 았 어
negative	스마트 픽 으로 찾 기 를 선택 하 면 화면 이 어두워 지 면서 뒤 로 가 기 키 도 안 먹 고 앱 이 작동 을 안 해요 ~ 주문 을 할 수 가 없 네요
negative	여자 상담원 인성 문제 있 어
negative	상품 만 좀 보 고 있 으면 자꾸 오류 가 뜨 면서 꺼지 네요 앱 이 최적화 가 안 되 는 건지 . .. 옛날 부터 롯데 닷컴 오류 가 참 많 았 는데 ㅡㅡ 쓰 기 편하 게 만들 어 주 셔야죠 . .. 이래서 는 쓰 기 도 힘들 겠 네요
positive	핫 딜 상품 더 만들 어 주 세요 ~
negative	아 짱 나 업데이트 하 구선 되 는 게 없 네요
negative	저 는 다른 앱 보다 롯 데온 이 쓰 기 편한 거 같 아요
negative	이번 에 폰 바꾸 면서 새로 설치 한 건 계속 ' 앱 다시 시작 ' 이 란 메세지 가 뜨 면서 다운 이 됩니다 재 설치 를 해도 그런데 뭐 가 문제 입니까
negative	자동 로그인 설정 해 놔도 매번 로그인 해야 되 서 불편 합니다 . 테스트 는 해 보 시 나요 ?
negative	자동 로그인 으로 설정 했 는데 일일히 로그인 해 줘야 합니다 .
negative	너무 느려요 . 사이트 로 직접 들어가 도 로딩 시간 이 너무 오래 걸려서 앱 을 깔 아 써 본 건데 더 느려서 못 쓰 겠 어요 .
positive	넘 좋 아요 저 는 피부 가 넘 건 조 한데요 리뷰 쓰 고 부터 건건 한 것 이 촉촉 으로 변했 어요 사용 3 년 정도 사용 했어요
negative	스마트 픽 에서 필터 누르 면 계속 앱 종료 되 서 못 보 겠 어요
negative	비교 해 보 고 사 는 편 인데 다른 데 보다 상품 도 많 고 훨씬 저렴 한 거 같 아요
negative	업 댓 하고 나 서부터 인가 왜 자꾸 앱 들어가 면 튕기 는 거 지요 ? 꼭 한 번 은 에 레 뜨 고 다시 시작 해야 하 네요 ㅠ 보완 부탁 드립니다
negative	폰타나 포도 씨 유 방송 안내 부탁 드립니다
negative	왜 인터넷 연결 이 롯데 닷컴 만 안 될까 ? 수많 은 앱 중 에서 ~~
negative	노트 2 사용자 는 롯데 닷컴 앱 사용 불가 인가요 ? 업데이트 떠서 설치 하 는데 ' 기기 가 이 버전 과 호환 되 지 않 습니다 ' 문구 가 나오 네요 ;;;
positive	편리 해요
negative	업데이트 후 3 주 가 넘 도록 접속 조차 되 지 않 는데 , 고객 센터 에서 넘 신경 을 안 쓰 는 듯 하 네요 @@ 롯데 로 고 변경 광고 나 신경 쓰 지 마시 고 이런 거 나 신경 써 주 세요 --
positive	대체 적 으로 만족 하 긴 합니다만 , 사용 감 에 있 어 편의 성 이 살짝 아쉽 긴 합니다 ㅠㅠ
negative	로그인 페이지 가 안 열림 . 물건 을 구매 할 수 없 음 . 최악
negative	자꾸 에러 남
negative	자꾸 에러 남 . . 짜증 남
negative	르 샵 에서 주문 했 는데 완전 다른 물건 이 왔으나 사과 전화 한 통 없 더라
negative	다운 잘 됨 . ㅡㅡ
negative	요새 계속 페이지 안 넘어가 고 . 닫히 고 ㅜ나만 그런 줄 ㅜ
negative	롯데마트 사용 안 되 네요
negative	앱 이 너무 무거워서 느림 . 11 번 가랑 비교 됨 .
positive	정성 스럽 게 잘 만들 어 진 작품 같 아요 . 맨 발 로 나무 촉감 을 느끼 기 에 좋 아요 .
negative	1 : 1 문 의 란 에 내용 등록 이 안 되 어서 이틀 째 몇 십 번 시도 해 보다 앱 제거 후 다시 설치 해도 똑같 은 증상 이 어서 짜증 제대로 네요
negative	요즘 자주 팅 겨 나간다 . . 상품 자세히 보 기 도 오래 걸리 고 . .
positive	요즘 같 은 시국 에 생활 을 편리 하 게 해 주 네요
positive	아내 가 편리 한 서비스 로 쇼핑 하 는 곳 입니다
negative	앱 자체 후 졌 어요 쇼핑몰 앱 중 에 GS 최고
negative	최근 에 제품 상세 보 기 가 안 나오 고 계속 해서 랙 이 걸립니다 .
negative	계속 인터넷 연결 확인 해 달 라고 요 근래 자꾸 뜨 는 거 보 니 롯데 닷컴 어 플 은 이제 안 하 는 건가 봄 ?
negative	요새 어 플로 무슨 짓 을 하 는 건지 예전 부터 잘 써왔 는데 요즘 정말 짜증 남 . 쿠폰 이나 등급 때메 포기 못 하 고 쓰 는데 제품 상 제 정보 볼 라 하 면 에러 나 고 종료 되 기 일쑤 . 메뉴 는 복잡 해져서 예전 엔 쓰 기 쉬웠 는데 리뉴 얼 후 검색어 입력 해서 안 찾 으면 카테고리 메뉴 로 들어가 기 도 어려움 . 아무래도 디자인 이 대폭 으로 바뀌 던 리뉴 얼 그때 부터 이상 해졌 음 .
negative	요즘 계속 오류 나서 핸 폰 문제 인가 삭제 후 다시 다운 받 아도 상태 가 똑같 네요 상세 보 기 두 잘 안 돼 고 자꾸 꺼지 구 매일 들어가 보 구 사 는 사람 으로 엄청 불편 합니다 빠른 조치 부탁 드려요
positive	물건 가격 이 저렴 해서 좋 다 .
negative	중간 에 자꾸 꺼짐
negative	인터넷 연결 확인 하 라는 메시지 만 뜨 고 안 열림 . 다른 앱 들 은 멀쩡히 잘 되 는데 . 결국 앱 삭제 함 .
positive	종종 방문 해 볼께요
negative	배송 쵝오 ! 상품 쵝오 !
negative	앱 관리 안 하 냐 물건 팔 려면 앱 먼저 관리 해 ! !
positive	상당히 편리 하 고 좋 아요
positive	편리 합니다 .
negative	리뷰 등록 이 오류 로 계속 안 되 네요 .
positive	ios 11 버전 쓰 고 있 는 사람 인데요
negative	저렴 한 곳 배송 빠른 곳
positive	배송 이 넘 빨라서 완전 굿 굿 ~!^^
negative	배송 방법 을 스마트 픽 으로 하 면 랙 이 걸려서 아무것 도 안 됨 . 껐 다 켜 도 마찬가지 임 . 앱 다시 시작 이 매일 반복 됨 .
negative	인터넷 연결 잘 되 어 있 는데 인터넷 연결 확인 하 라고 만 뜸 결국 사용 해야 할 때 사용 못 함
positive	넘 좋 아요
negative	보라색 을 시켰 는데 왜 파란색 이 오 나요
negative	이벤트 응모 앱 으로 만 한다고 앱 깔 았 는데 쿠폰 확인 이 안 됨 문의 했 더니 컴 으로 확인 하 라고 . .. 컴 에선 앱 으로 만 가능 하 다고 . . 장난 하 는 줄
negative	오류 가 너무 심하 네요 . . 좀 보다 보 면 오류 로 꺼 진다고 그러 고 . . 개선 좀 해 주 세요
negative	인터넷 연결 확인 도 못하 는 앱
negative	앱 에 들 어 가지 지 가 않 을 때 가 너무 많 습니다 .
negative	다 좋 은데 인터넷 연결 불가 로 로그인 조차 안 돼요 . 몇 번 을 제거 하 고 설치 하 는 건지 . . 빠른 조치 부탁 드립니다 .
negative	이럴 거 면 업데이트 를 하 지 마세요 . ..
negative	품명 복사 하 기 가 안 되 서 불편 해서 다른 앱 이용 하 게 되 요
positive	트레 킹 화 신 어 보 니 발 이 편하 고 만족 합니다
negative	회원 가입 에 오류 가 많 네요 실망 하 고 감
negative	자꾸 인터넷 연결 상태 를 확인 하 라는 데 이 어 플 만 그래요 . ㅜㅜ
negative	주문 쉽 게 되 서 편하 게 썼 는데요 . 제품 구입 후기 가 등록 이 안 되 네요 ? 공유 같 은 건 다 잘 되 던데 왜 등록 하 기 버튼 만 응답 이 없 는지
positive	좋 아요
negative	신속 한 배송 부탁 드려요 .
positive	앱 이 점점 좋 아 져서 만족 합니다 저 는
negative	어 플 깔 고 들어갈 랴 하 는데 인터넷 연결 을 확인 하 라고 뜨 나요 ?
negative	핸 폰 바꾸 고 나 서 앱 깔 고 뭐 좀 구경 하 다 보 면 앱 중지 안내 가 자꾸 뜨 니 불편 해요
negative	월요일 오전 에 주문 했 는데 목요일 에 발송 이 라니 . .. 요즘 1 - 2 일 배송 시대 에 . ...
negative	안 좋 은 것 같 아요
positive	아직 사용 은 안 해 봤 어요 이제 부터 사용 해 보 려고요 ~
positive	좋 아용
negative	이거 인 테 넷 연결 오류 저 만 그런 게 아니 네요 . .. 뭐 죠 ? 빨리 고쳐 주 세요 !
negative	별로
negative	셀렉 토커 피 쿠폰 누르 면 잘려 서 안 보여요 해결 해 주 세요
negative	앱 이 실행 이 안 됩니다 . 계속 그냥 중지 떠요 . 일요일 저녁 이후 로 들어가 질 못합니다 . 어 케 좀 해 봐요 . 의견 남겼 어도 소용 이 없 네요 며칠 째
negative	다 좋 은데 사진 찍 는 거 는 어디 로 들어가 요 ?
positive	롯데 닷컴 에서 상품 검색 하 기 가 좋 아요
negative	한 이틀 잘 되 다 인터넷 연결 확인 하 라고 하 네요 삭제 후 다시 깔 면 되 다가 또 그렇 네요 저 밑 에 글 에 도 그 내용 있 든데 빠른 조치 부탁 드립니다
positive	아주 조 와요
negative	앱 이 안 들 어 가지 네요 인터넷 연결 상태 확인 하 라고 뜨 는데 다른 앱 은 잘 되 는데 왜 그런가요 ?
negative	L 머니 2000 준다는 광고 메일 받 고 설치 하 니까 6 일 날 설치 해서 보 니 아무것 도 없 음 소비자 상대 낚시 광고 나 하 고
positive	좋 은 상품 감사 합니다
negative	인터넷 기능 을 확인 하 라고 자꾸 뜨 는데 왜 이래요 ?
negative	지금 한 달 째 오류 가 안 고쳐졌 어요 . 빨리 개선 좀 해요 . 다른 데 로 넘어가 기 전 에 ㅡㅡ
negative	롯 데온 되 면서 기존 롯데 닷컴 앱 에서 구매 했 던 내역 도 볼 수 없 고 쿠폰 도 안 보이 고 심지어 상품 검색 좀 해 보 려니까 로딩 만 오래 되 다가 백지 창 으로 넘어갑니다 ㅡㅡ 이럴 거 면 통합 왜 했 나요 전 보다 못한데
positive	앞 으로 도 더 좋 아 지 길 바랄 께 요 *^__^*
positive	항상 즐겁 고
positive	아주 좋 아요
negative	업데이트 이후 10 월 알림 메세지 저장 안 되 네요 개 망
negative	별반 개 는 못 주 나요 ? ㅋ 영수증 이 벤트 참여 할라고 어 플 깔 고 로 긴 할라 하 니 비번 맞 지 않 다고 나와서 비번 찾 기 하 니 정보 가 정확 하 지 않 다고 나와서 본 인명 의 폰 으로 조회 하 기 가 서 또 찾 기 를 하 고 간편 가입 한 계정 으로 확인 하 는 게 있 어서 또 그 짓 을 하 고 계속 정보 틀리 다 나와서 톡 상담 누르 니 로 긴 창 뜨 고 1 대 1 문 위하 기 를 눌러 도로 그 인창 으로 가 고 뭘 눌러 도로 그 인창 으로 가 고 문위 할 데 가 없 길래 여기 다 남긴다 . 여기 악 플 에 댓글 없 을 때 알 아 봤 어야 하 는데 김치냉장고 받 을 라다 돈 쓴 게 화 딱 지나 서 남겨 본다 . 롯데 가 그래서 롯데 시장 이 란 소리 듣 는 거 다 . 기본 좀 지키 며 장사 해라
negative	한 주 동안 열심히 리본 을 모아서 500 원 포인트 가 나왔 는데 월요일 10 시 가 넘 었 는데 포인트 를 주 지 않 네요 . 잘 모아서 500 원 할인 을 받 고 있 었 는데 업데이트 인가 리본 적립 방식 이 바뀌 어서 인지 는 모르 겠 지만 한 주 동안 열심히 모았 는데 안 주 니 좀 많이 그러 네요
negative	최악 의 쇼핑 앱
positive	참 좋 은 곳 이 다
negative	포인트 확인 하 라고 해서 오 니까 이 앱 이 었 고 다운 받 으려고 하 는데 다운 이 안 됩니다 무제한 엘 티 이 고 심지어 10 기가 나 남 았 는데 왜 다 운안 돼 죠 ? 계속 대기 중 이 기 만 하 네요 어 플 은 아예 확인 도 안 하 시 나 보 군요
positive	한우 갈비 갈비 선도 도 좋 고 빠른 배송 넘 만족 고기 가입 에서 살살 녹 아요
negative	음악 들으면서 앱 실행 시켰 는데 음악 이 끊기 면서 광고 동영상 이 나오 네요 씨 8
negative	진짜 너무 안 좋 아요 오류 도 심하 구
negative	쓰레기 앱 이 네요 물건 살 려고 로그인 할려 해도 비번 먹통 에 비번 알 려고 해도 먹통 에 머 하 러 통합 으로 해서 짜증 나 게 하 는지 . ...
positive	잘 이용 중 이 요
negative	금일 업데이트 이후 앱 실행 시 인터넷 연결 에러 발생 으로 앱 구동 불가 .
negative	요즘 결제 에러 가 너무 심하 네요
positive	아주 좋 아요 .
positive	굿 굿
negative	수시로 다운 되 고 앱 이 안 열림 . 급히 주문 할 게 있 는데 자꾸 안 되 니까 짜증 남 . 빨리 고쳐 주 지 도 않 고 나 몰라라
positive	네 . 잘 받 았 습니다 . 아쉬운 점 은 . 알맹이 가 저번 보다 는 . 못한 거 . 갇 습니다 . 이것 만 게 선하 신다면 좋 을 꺼 갇 습니다 ^ ^ ~
negative	자꾸 인터넷 연결 하 라는 멘 트 가 뜨 네요 . 다른 앱 접속 은 잘 되 는데 롯데 닷컴 만 . 또 접속 할 때 마다 새로 로그인 하 라 해서 여간 귀찮 은 게 아닙니다 . 해결 안 되 나요 ?
positive	잘 이용 하 고 있 어요
negative	요즘 계속 오류 오류 . .. 새로 앱 을 깔 수 도 접속 할 수 도 없 음
negative	다 좋 으나 스마트 픽 으로 받 을 때 결제 수단 무 통장 입금 추가 해 주 세요 .
negative	이 사이트 는 결정 적 인 순간 에 꼭 에러 더 이 다 . 그러 니 욕 을 밥 먹 듯이 드 시 고 하 지요 . 2017 . 09 . 21 23 : 42 현재 L - pay 결제 시 [ COM 9999 시스템 오류 입니다 . ] 어쩔 ?
negative	션 사 인 비 내리 는 날 ~ 알
negative	최근 들 어 오류 나 고 접속 이 안 되 요 . 지우 고 다시 깔 아도 비슷 해서 왕 불편
negative	인터넷 연결 을 확인 하 라는 알림 창 만 뜨 고 앱 실행 이 안 됩니다 . 삭제 후 다시 앱 설치 를 해도 같 은 상황 이 반복 되 네요 . 문제 해결 좀 해 주 시 길 . 리뷰 를 보 니 계속 같 은 상황 이 발생 중 인 듯 보이 는데 앱 을 쓰 라고 만든 건지 . . 실망 스럽 네요
positive	좋 아요 ~^^
negative	사진 찍 는 게 가능 해서 깔 았 는데 . . 안 보이 네요 . ...
negative	화면 이 멈추 거나 오류 가 잘 납니다
negative	광고 때문 에 알 게 됬 어요
positive	롯데 자주 이용 함
negative	튕기 기 1 등 앱 인가요 . .
negative	툭하면 앱 이 실행 되 지 않 는다고 메세지 떠요 . 장바구니 보 다가 카테고리 넘 어 갈라 하 면 잘 안 넘어가 고 오류 메세지 떠요 . 타 쇼핑몰 앱 은 잘 되 는데 롯 닷 앱 은 잘 안 되 요 . 실행 도 좀 버벅거리 구요 .
negative	자동 로그인 이 안 되 요 롯데 홈 쇼핑 도 그러 더니 느리 고 자동 로그인 도 안 되 고 요즘 도 이런 앱 이 있 나요 ?
negative	계속 연결 이 안 되 네요 쇼핑 어 플 중 최악 인 것 같 습니다 제거 후 다시 깔 려고 하 는데 제거 도 빨리 안 되 네요
positive	땡큐
negative	엘 포인트 어 플 이 좋 아서 롯데 적응 할 수 있 었 는데 다른 어 플 들 은 하나같이 겉 포장 만 비슷 하 고 엉망 입니다 . 어떻게 이럴 수 있 죠 ? ???
positive	배송 너무 빨라서 좋 아요
positive	쇼핑 하 려고 앱 깔 았 어요
negative	장바구니 에 담긴 상품 쿠폰 이 라고 알림 떠서 받 았 는데 적용 안 되 는 건 뭔가 요 주 질 말 던가 ㅡㅡ 롯데 는 전 계열 앱 이 느려 터지 고 혼자 종료 되 네요
negative	자동 로그인 걸 어 놔도 접속 할 때 마다 로그인 해야 되 고 너무 자주 중지 되 네요 개선 이 필요 할 것 같 네요
positive	잘 보 고 있 습니다
negative	롯데 닷컴 에서 필요 한 상품 을 편리 하 게 좋 은 가격 으로 구입 하 고 있 습니다 . 저 에겐 참 좋 은 쇼핑 몰 입니다 . 힌 가지 아쉬운 점 은 나이키 운동화 를 구입 하 여 까까 운 곳 에 외출 시 신고 오 고 간 것 이 3 번 째 였 는데 앞 코 가 떨어져서 수선 을 의뢰 했 지만 않 된다고 하 시 더라구요 . . ㅠㅠ 다음 부 턴 나이키 운동 화 구매 는 않 해야 겠 다 생각 했 습니다 .
negative	회원 가입 하 면서 핸드폰 인증 을 계속 해도 6 자리 숫자 문자 가 오 질 않 네요 ㅜㅜ
negative	왓 챠 플레이 이벤트 응모 하 려는데 왜 응모 대상 이 아니 라는 거 죠
positive	편안히 쓸 수 있 는 엘 포인트 입니다
positive	넝 좋 아요
negative	이 앱 만 자꾸 연결 이 안 된다 삭제 하 고 다시 받 기 를 반복
negative	상품 을 검색 하 는 데 편하 게 볼 수 가 없 음 . 너무 버벅 거림 게 속 멈춤 동작 하 다가 손 으로 세 번 은 내리 고 반복 해야 겨우 내려감 .
negative	며칠 쓰 면 인터넷 연결 확인 하 라면서 실행 도 안 됨 지우 고 깔 아도 며칠 후 반복
negative	계속 접속 할라면 인터넷 연결 확인 하 라고 오류 떠서 다운 받 았 다가 지웠 다가 다시 다운 받 고 귀찮 습니다 오류 좀 고쳐 주 세요 ;;
negative	앱 이 자꾸 인터넷 연결 이 안 돼서 계속 설치 합니다 ~ 참 불편 하 네요
negative	업데이트 후 이 용시 멜론 어 플 재생 이 자동 으로 종료 됩니다 . . 저 만 그런 건지 . 버그 같 으니 확인 부탁 드립니다
negative	여기 에 파 는 물건 전부 정품 인가요 ?
positive	고객 님 , 안녕 하 세요 . 롯데 닷컴 입니다 . 먼저 , 쇼핑 에 불편 을 드려 죄송 합니다 . 지속 적 으로 서비스 개선 을 위해 노력 하 고 있 으나 만족 시켜 드리 지 못한 점 죄송 합니다 . 로그인 오류 는 고객 님 의 소중 한 의견 을 바탕 으로 현상 과 원인 을 파악 완료 했 고 , 일부 는 조치 되 었 습니다 . 나머지 잔여 오류 는 빠른 시일 내 에 수정 해서 반영 할 예정 입니다 . 롯데 닷컴 서비스 이용 에 불편 을 드려 다시 한 번 죄송 합니다 . 감사 합니다 .
positive	고맙 습니당 아 너무 좋 아 요 ♡
negative	깔 자마자 인터넷 연결 오류 , 처리 오류 상품 구매 를 할 수 가 없 네요 . 몇 번 시도 끝 에 결국 앱 삭제 해 버렸 어요 . 다른 곳 에서 구매 하 는 게 나을 것 같 아요 .
negative	인터넷 연결 하 라고 뜨 네요 조치 해 주 세요 로그인 이 안 되 서 상품 구매 후 조회 도 못하 고 있 네요
negative	이런 ! !! 장난 하 는 것 도 아니 고 ! ! 다운 받 아 놓 고 몇 일 지남 인터넷 연결 을 확인 하 란 글 이 뜨 질 않 나 ! !!?? 장난 하 나 ? ? 이게 제거 하 고 다시 깔 고 를 수십 번 반복 질 ! !!! 짜증 나 네 ! !! 😡
negative	7 월 27 일 인터넷 연결 관련 조취 된 내용 이 라고 및 에 답변 이 되 어 있 던데요 왜 오늘 8 월 6 일 인 오늘 인터넷 연결 불량 으로 앱 실행 이 되 지 를 않 네요 . ..
negative	어제 인터넷 연결 안 된 걸로 접속 못 한 거 보상 해 주 쇼 출석 체크 하루 못 한 거 어떻 게 보상 하 실 껴 ?
negative	왓 챠 2 개월 준다고 해서 겨우 깔 고 비밀 번호 바꿔서 로그인 했 드만 고객 님 은 이용 대상 이 아니 라고 한다 . 이벤트 이용 가능 대상 이 누군지 정확히 써 놓 지 도 않 아 놓 고 왜 인지 도 모른 채 로 시간 을 날림 비밀 번호 는 웃기 게 도 특수 문자 를 사용 해야 되 는 데 다가 8 자 가 넘 어야 되 고 3 자 이상 연속 된 알파벳 이 안 된다고 함 ! 2 ppawea 12 복잡 한 비밀 번호 엿 는데 규칙 에 어긋난다고 안 됬 다 . 일 이 이렇게 되 는 걸로 보 아 앞 으로 는 롯데 닷컴 에서 절 때 물건 사 는 일 은 없 을 듯 . . 미리 거르 게 해줘서 고마워요 !
positive	좋 아요
positive	전반 적 으로 만족 합니다 .
positive	좋 아요
positive	좋 아요
positive	쇼핑 하 기 편리 해요 .
positive	좋 아요
positive	좋 아요 최근 본 상품 . 가격 비교 잘 보여요
positive	유용 하 게 잘 보 고 있 어요
negative	여러 업체 를 통해 물건 을 구입 해 보 았 지만 , 여기 처럼 입금 하 자마자 주문 해 줘서 감사 하 단 문자 와 함께 중간중간 어떤 경로 로 상품 이 전해 지 며 어느 정도 시일 이 걸리 는지 자세 하 고 도 진심 어린 문자 보내 주 는 업체 는 없 었 습니다 . 팔 면 그만 인 식 이 라는 다른 업체 들 에게 모범 이 되 어 주 셔서 거듭 감사 하 구요 ! 모든 상담 직원 들 께 또 이런 리뷰 로 인해서 라도 막말 해 대 는 손 님 으로 인해 , 맘 에 상처 받 지 말 고 용기 와 자부심 을 가졌 으면 합니다 ! ! 화이팅 ^^^
negative	홈 을 누르 면 매번 앱 중지 창 이 뜬다 . 뭐 이런 앱 이 ?
negative	하 진짜 회원 가입 하 는데 너무 오래 걸림 무슨 보안 번호 들 이 면 처음 부터 다시 하 고 아이디 비번 만드 는 것 도 아이디 랑 동일 3 회 이상 있 으면 안 되 고 번호 동일 도 안 되 고 무슨 진짜 개떡 같이 만들 너 났 어 최악 중 에 최악 진짜 왓 챠 이벤트 해서 겨우겨우 몇 십 분 동안 가입 해서 응모 했 더니 정기 회원 이 라 대상 이 안 된다고 ? 하 참나 어 이 가 없 어서 ~ 에휴 그럼 미리 공지 를 하 던가 진짜 최악 진심 최악 아까운 시간 만 버렸 내 별 한 개 도 아깝 내 이 글 읽 고 내 가 준 별 은 한 개 가 아니 라 0 . ㅂ 개 라는 걸 이해 하 자
negative	아니 가입 하 자마자 로그인 했 는데 비 정상 계정 이 라는 건 뭡니까 . 회원 가입 할 때 휴대폰 인증 하 는 창 은 아예 활성 화 되 지 도 않 고 .
negative	인터넷 연결 을 확인 하 세요 라는 오류 발생 해서 수정 되 었 다는 글 이 있 던데 . . 난 이제 이 오류 가 발생 한 이유 가 뭔지 ? 앱 제거 했 다가 다시 깔 아야 하나 --^
positive	빠른 배송 좋 네요 ~
negative	좋 은 물건 부탁 드립니다
negative	최악 포토 리뷰 쓰 려면 꼭 앱 을 깔 아야 한대서 깔 았 더니 포토 리뷰 는 등록 되 지 도 않 고 에러 만 뜸
negative	몇일 째 , 비밀 번호 바 꺼도 틀렸 다고 나오 고 진짜 열받 어서 이거 왜 이 럽 니까 ? 수시로 보 고 살 거 있 나 체크 하 는데 아주 승질 납니다 . 자동 으로 로그아웃 이 되 어 있 질 않 나 인증 받 다가 끝 날판
negative	왜 어제 부터 계속 . 인터넷 연결 확인 하 라고 뜨 나요 ?
negative	인터넷 연결 확인 하 라고 하 네요 ~ 아주 잘 터지 는데 . ..
negative	없 는 상품 팔 고 환불 처리 하 면 그만 인가요
negative	접속 안 됨 . .. 인터넷 연결 되 있 는데 뭘 계속 확인 하 라 그럼
negative	어 플 깔 면 왓 챠 이용권 준 데 서 깔 았 더니 뭐 ? ! 혜택 대상 이 아니 라고 ? 장난 하나 ㅋㅋㅋ 다시 삭제
positive	업데이트 가 잦 지만 득템 할 수 있 는 상품 이 많 아 자주 들어오 고 싶 은 앱 중 하나 입니다 .
negative	업데이트 하 고 인터넷 연결 안 된다고 계속 떠서 사용 못 하 는 중 이 요 . 앱 제거 할까 봐요
positive	업데이트 가 너무 잦 아요
negative	주문 한 상품 아닌 다른 상품 이 도착 해 맘 상했 지만 그대로 입 기 로 핬어요
negative	장난 하 는 것 도 아니 고 회원 가입 을 몇 번 이나 시도 해 봤 는데 처음 에 아이디 를 입력 할 때 쓸 수 없 는 이메일 이 라 뜨 지 않 나 전 에 가입 한 적 이 한 번 도 없 었 는데 말 이 죠 . 황당 해서 여러 번 다시 시도 해 봤 는데 갑자기 사용 가능 떠서 겨우 가입 하 겠 구나 했 는데 이번 엔 전화 번호 입력 란 에 숫자 가 않 뜨 질 않 나 제 핸드폰 키 포드 란 이 문제 가 있 나 해서 다른 곳 에 시도 해 봤 는데 잘 만 되 더군요 왜 이런 건지 몰라도 오류 를 발견 하 고 고 첬으면 좋 겠 습니다 .
negative	인터넷 연결 을 확인 하 라는데 왜 이러 는 건지 출 첵 이벤트 및 럭키 리본 모으 기 도 못하 고 이거 야 원 일부러 당첨 확률 줄이 게 하 려는 꼼수 인 건지 ―,.―
negative	업데이트 했 더니 인터넷 연결 이 안 된다고 접속 이 안 되 는 경우 는 뭐 임 ? 왜 관리 를 안 함 ?
positive	잘 사용 하 고 있 어요
negative	너무 자주 업그레이드 하 는 거 아닌가요 ? 꼭 제휴 카드 아니 여도 괜찮 은 이벤트 좀 부탁드려요 하나 카드 는 왜 항상 이벤트 를 안 하 는 건지 ㅜㅜ
negative	너무 버벅 거려서 사용 하 기 꺼려 지 네요 . 인내심 을 같 고 해도 이건 너무 합니다 .
negative	너무 느려서 안 좋 음
negative	엘 페이 쓰 려니 안 됩니다 . 데이터 복호화 에러 [ 4001 ] 이게 계속 떠요 . 앱 지우 고 깔 아도 마찬가지 입니다
negative	유용 한 상품 이 많 아요
positive	너무 자주 앱 시스템 을 바꾸 다 보 면 ? 기존 의 시스템 에 사용 자 들 이 익숙 해져 있 는데 . .. 익숙 해 지 면 바뀌 고 입숙 해 지 면 바뀌 고 하 다 보 면 ? 사용 하 는데 있 어 불편 을 느낄 수 도 있 겠 죠 ^^
negative	다른 어 플 은 다 되 는데 갑자기 인터넷 연결 확인 하 라고 알림 뜨 는 건 뭔지 . . 와이파이 꺼도 똑같 고 . . 이건 뭔가요 ? ㅡㅡ
negative	중국 이 중국 하 듯 롯데 담당자 도 롯데 함 . ..
negative	이 앱 은 왜 자꾸 중지 되 는 거 죠 ? 다신 쓰 고 싶 지 않 을 정도 로 기분 나쁨 . 하루 에 10 번 도 중지 되 니 사용 할 수 가 없 네요 . ..
negative	왜 자꾸 인터넷 연결 확인 이 라 뜨 나요
positive	좋 아 좋 아요
negative	물건 이 비싸 요
negative	자꾸 끊 어 져요
negative	mm
negative	한 번 의 접속 을 위해 십 여 차례 씩 시도 하 는 매우 불편 한 앱 이 예요 . 아예 , 접속 을 안 하 는 편 이 스트레스 받 지 않 는 앱 이 네요 .
negative	배송지 고치 려고 20 분 간 씨름 하 다 결국 삭제 하 고 지 마켓 에서 삼 싸 도 여기 선 안 산다 . 최악 쇼핑몰
negative	업데이트 후 연결 을 할 수 없 다고 하 네요 삭제 - 재 설치 - 삭제 - 재 설치 . . 하 다가 포기 . 현재 는 사용 안 하 고 있 음 . 빠른 조치 요망 .
negative	왜 자꾸 앱 중지 되 는 거 에요 ? 진짜 속 터져서 못 쓰 겠 네요 그리고 업데이트 할수록 더 느려 지 고 오류 더 많 아 지 고 ! !!
negative	롯데 전산 담당자 바꿔야 할 듯 요 업 뎃 될 때 마다 더 나빠 지 는데 오류 나 꺼짐 은 왜 이리 많 은지
positive	다양 한 소재 가 저렴 하 게 나오 는 것 같 아 쇼핑 에 즐거움 도 있 는 듯 . ..
negative	어 플 이 열리 지 가 않 아요 어 플 구동 시키 면 갑자기 중지 됐 다는 팝업 뜨 면서 아예 어 플 자체 가 안 열리 네요 ㅡㅡ
negative	업데이트 후 속도 가 정말 빨라졌 네요 .
negative	인터넷 연결 하 라는 알림 후 중지 됨 . 업데이트 하 더니 쓰 지 도 못하 게 해놨 네요 .
negative	다 들 똑같 은 입장 이 네요 . 자꾸 오류 나 고 속도 엄청 느리 고 . . 빠른 조치 부탁 드립니다 ~~
negative	인터넷 을 연결 을 확인 하 라면서 자꾸 꺼져 요 접속 조차 안 되 요
negative	물건 구매 하 려는데 데이터 를 사용 해도 와이파이 를 사용 해도 앱 실행 이 안 되 네요 롯데 는 앱 사용 할 때 오래 걸리 거나 오류 가 많이 나 서 사용 하 기 꺼려 져요
positive	좋 은 정보 좋 은 상품 ~~
negative	갖 다 버려라 . .. 업 뎃 하 고 나 서 매번 인터넷 연결 을 확인 하 라는 메세지 뜨 고 매번 제거 후 설치 를 반복 하 고 있 다 . . 너무 불편 함 . .
negative	다시 다운 받아쓰 는데 심심 하 면 인터넷 연결 이 어쩌 고 . . 다른 앱 다 ~~ 되 는데 다시 지우 고 또 깔 고 뭐 하 는 짓 인지 . .. 쇼핑 을 하 라는 건지 하 지 말 라는 건지 . .. 정말 짜증 나 네요 . .
positive	안녕
negative	이딴 것 도 어 플 이 라고 만들 었 습니까 ? 여태 까지 사용 해 본 모든 어 플 들 중 에 최악 이 네요 . 업데이트 는 매번 왜 하 는 건가요 ? 뭐 하나 나아지 는 게 없 는데 . ..
negative	쇼핑 하 기 불편 해요 진짜 업 뎃 하 면 더 좋 아 져야 하 는 거 아닌가요
negative	제품 정보 확대 가 대단히 불편 하 거나 , 불 가능 한 경우 가 댑따 많 음 . 그러니까 , 사진 만 대충 보 고 사 라 ! 는 뜻 으로 알 고 있 음
negative	인터넷 연결 이 안 된다며 앱 실행 이 안 되 네요
negative	앱 으로 만 사진 올릴 수 있 다고 해서 이용 하 는 데 상 품평 이 안 써 집니다 .
positive	의류 구입 했 는데 만족
negative	상 품평 다 썼 는데 오류 나 서 업로드 가 안 됨 . 여러 번 시도 해도 계속 안 됨 상 품평 쓰 지 말 란 건가요 . .? 글고 앱 도 계속 쓰 는 데 꺼 져요 . . 넘 불 안정 한 앱
positive	잘 튕김
positive	L 포인트 가 야금야금 쌓여서 좋 아요 ~
negative	진짜 요즘 은 인터넷 연결 안 된다는 글 만 나오 구 바로 들 가 기 바 넘 힘들 어
negative	자꾸 꺼집니다 . 미칠 거 같 습니다
negative	예전 버 젼 도 그렇 지만 하 다가 앱 이 종료 되 요 . 진짜 화 딱 지난 게 한두 번 이 아니 예요 . 글고 검색 후 보여 지 는 화면 이 스크롤 시 넘 느려요 . 상품 보 는 것 도 점점 뒤쳐지 네요 . 예전 이 나 았 어요 .
negative	완전 꽝 입니다 롯데 이름 부끄럽 게 창 꺼지 고 갑자기 닫히 고 삭제 할까 고 민중
negative	인터넷 연결 이 . 안 되 어 있 다고 . 자꾸 . 오류 . 뜨 네요 ~ 다른 롯데 앱 은 . 잘 쓰 고 . 있 는데 . .. 여긴 . 왜 이런 가요 ?
negative	쿠폰 선택 창 0 . 1 초 만 에 꺼짐 개선 안 해 주 세요 ? ? 개선 도 안 해 줄 거 면 대체 쿠폰 왜 주 시 는 겁니까 ㅡㅡ 기본 할인 쿠폰 선택 도 안 돼 대체 뭐 하 자는 건지 ㅡㅡ 같 은 답변 만 늘어놓 지 마시 고 빨리 개선 해 주 세요 ㅡㅡ
positive	깔끔 하 고 바람 도 시원 해요 ~
positive	좋 아요
negative	1 대 1 문 의 남길 때 자판 창 이 아래 로 사라져서 불편 해요
negative	롯데 닷컴 몇 년 째 사용 중 입니다 . 몇 번 버전 이 바뀌 었 는데 이번 은 정말 최악 이 라 리뷰 남 깁니다 . 이럴 거 면 왜 버전 을 바꾸 라고 하 는 건지 . .. 쇼핑 하 다 짜증 나 서 그냥 다른 데 가 서 사 게 됩니다 . ..
positive	리뉴 얼 되 고 더 깔끔 해졌 네요 . 상품 상세 도 예뻐졌 네요 .
negative	오류 로 꺼짐 많 고 버그 도 많 음 실망 큼
negative	리뉴 얼 시작 부터 먹통 에 . .. 접속 도 느리 고 그렇 다고 사용 성 이 나아진 부분 도 없 습니다 . 롯데 닷컴 기존 사용 자 의 정보 와 히스토리 는 자동 으로 넘어와야 하 는 거 아닐까요 ? 기존 사용 자 정보 백지화 에 등급 혜택 은 모두 사라졌 군요 . 통합 앱 을 만들 고 싶 었 다면 기존 앱 을 두 고 새로운 다운로드 를 유도 하 시 던지 무슨 자신감 으로 강제 로 업데이트 하 게 만들 곤 이런 사용 성 입니까 ? 롯데 닷컴 사용자 의 혜택 은 하루 아침 에 없애 버리 고 이 도저 도 아닌 거대 쇼핑몰 이 된 것 같 네요 ~ 있 던 백화점 브랜드 와 상품 라인 들 도 많이 없 어 지 고 검색 도 제대로 되 지 않 습니다 . 잠깐 사용 으로 짜증 과 피로 가 누적 되 어 쇼핑 욕구 가 사라집니다 . 자주 방문 했 던 고객 으로 정말 실망 입니다 .
negative	업데이트 하 니까 오류 도 많이 나 고 속도 도 느리 고 , 상품 검색 도 잘 안 되 요 . 원래 앱 이 사용 하 기 편리 한 거 같 아요 .
positive	굿 이 예요
positive	업데이트 되 고 계속 에러 나 서 깔 았 다 지웠 다 반복 하 고 있 어요
negative	업 글 전 이 훨 나 은 듯 . .. 접속 불가 상태 ㅜㅜ
negative	" 오늘 사용 하 려니 업 뎃이 됐 는지 다른 쇼핑 앱 들 잘 되 는데 자꾸 "" 인터넷 켜 라 "" 라고 뜨 네요 ~ 사용 해야 하 는데 . .. 빨리 해결 해 주 세요 "
negative	타 쇼핑 어 플 들 처럼 만들 어 주 세요 . 로딩 속 도 느리 고 슬라이드 감 도 안 좋 아요 .
negative	니 상 새요 ㅡㅡ . 인터넷 다 켜져 있 는데 인터넷 키가 고만 . 뜨 네요 ㅡㅡ
negative	오류 너무 심해요 ㅠㅠㅠ 이전 버전 보다 심해서 중간 에 앱 이 종료 되 는 경우 가 너무 많 아요 ㅠ
negative	원본 보 기 누르 지 않 아도 바로 확대 보 기 되게 해 주 세요 . 제발 요
positive	좋 아 여
positive	편리 하 고 좋 아요
negative	쿠폰 적용 창 이 안 떠 앱 삭제 후 재 설치 하 려고 하 는데 오류 코드 24 가 뜨 면서 설치 가 안 되 네요 . .. ㅡㅡ 이것저것 도움 말 보 며 해 봤 는데 안 되 는데 . .. 방법 이 없 을까요 . ..
negative	출석 체크 가 안 됨
negative	할인 쿠폰 선택 이 어느 순간 부터 안 돼요 넘 불편 합니다 어 플 을 삭제 했 다가 다시 깔 아 더 안 되 던데요
negative	인터넷 연결 하 라며 앱 이 실행 안 돼요
negative	인터넷 연결 확인 하 라고 하 고 걍 꺼짐 ~ 연결 되 있 는데 ! !!! 모 죠 ? ?
positive	바뀐 거 조 은 거 같 네
negative	인터넷 연결 을 확인 하 라며 업데이트 후 에 접속 이 안 됨 . . ㅡㅡ
negative	업데이트 를 하 라고 해서 했 더니 아이콘 이 사라졌 어요 . 분명 설치 는 되 어 있 는데 . . 제거 하 고 다시 설치 해 보 려고요 . 번거롭 네 용 . .
negative	Soso that is um . .....
negative	이전 께 더 좋 음 자꾸 꺼짐 뭥미 ?
positive	다양 하 고 저 렵 하 다
negative	고객 님 안녕 하 세요 , 롯데 닷컴 입니다 .
negative	5 분 이상 쇼핑 할 수 가 없 음 하도 다운 되 서
positive	새로워진 롯데 닷컴 소비자 눈높이 에 잘 맞춰서 넘 편리 하 고 좋 아요
positive	더 시원 한 느낌 . 깔끔 하 네요 .
positive	생각 하 지 않 았 는데 샘 풀 을 요것 저것 많이 챙겨 주 셨 더라구요 . 감사히 잘 쓸께요 .
negative	쿠폰 설정 해서 결제 할려 다 스트레스 받 아 못 사 겠 음 ㅡ . ㅡ ;;;;;; 되 야 말 이 지
negative	너무 느려요
negative	레이온 소재 라서 비침 이 없 고 시원 함 . 단 딱 그 가격 의 옷 임 .
negative	좋 은 앱 부탁 해요
negative	오늘 은 왜 출 첵 이 안 되 나요 ?
positive	상품 도 매우 다양 하 고 저렴 해서 롯데 온 을 가장 많이 사용 하 네요
positive	오늘 처음 써 봤 는데 , 괜찮 네요 .
negative	5 / 7 취소 한 게 아직 까지 미처리 고 오류 남발 에 불편 만 더 해 지 는 업 아니 . .. 다운 그레이드 ㅠㅠ
negative	쿠폰 선택 을 못 하 게 일부러 막 은 건가요 ? ? 쿠폰 선택 이 활성 화 가 안 되 어 선택 을 할 수 도 없 고 , pc 버 젼 과 는 쿠폰 도 다르 고 ~ 앱 을 지웠 다가 다시 깔 아도 똑같 고 ~ 이용 하 지 말 라는 거 죠 ? 관리자 는 답변 복사 붙이 기 하 면서 장난 하 자는 건지 . . 성의 도 없 고 . .
positive	답답 해 뒤지 것다
negative	결제 단계 에서 쿠폰 적용 하 려고 누르 면 아주 잠깐 쿠폰 창 이 떴 다가 사라진다 고요 . 6 월 달 부터 롯데 닷컴 앱 에 쿠폰 적용 불가 버그 생긴 거 같 은데 왜 수정 을 안 하 고 계속 답변 이 복사 붙여 넣 기 만 하 고 있 어요 ? 다른 쇼핑몰 로 고객 들 이동 하 는 거 안 보이 세요 ?
negative	일 좀 해라 진짜 문제 가 있 으면 파악 하 고 고칠 생각 은 안 하 고 붙여 넣 기 답변 만 하 고 있 네 직접 결제 한번 해 보 면 바로 문제 파 억 되 겠 구만 쿠폰 적용 이 안 된다고
negative	밑 에 분 말씀 처럼 전 엔 안 그랬 는데 갑자기 결재 창 에 할인 쿠폰 이 선택 이 안 되 서 결재 를 할 수 가 없 네요 . 지웠 다가 다시 깔 아도 안 되 네요
negative	할인 쿠폰 창 이 0 . 1 초 만 에 닫 혀서 클릭 을 할 수 가 없 어요 . 전 엔 안 그랬 는데 며칠 전 부터 그러 네요 . 앱 을 삭제 하 고 다시 깔 아도 똑같 아요 . 롯데 닷컴 홈페이지 로 들어가 도 똑같 구요 . 쇼핑 하 기 싫 어 지 네요 . 수정 해 주 세요 .
negative	아니 문의 하 기 나 톡 상담 에 글 이 안 써 지 는 건 머 죠 ? ? 다른 건 다 되 는데 . ... 답답 하 네요 이건 머 지요 ? ?????????? pc 에서 만 되 는 간가 요 ? ??????? 어 플 에서 문의 하 기 쓰 려는데 입력 이 안 되 다니 먼 가요 ? ??
negative	너무너무 느려서 짜증 나 서 다른 데 서 검색 하 고 여기 서 주문 하 고 . . 아님 그냥 안 들어가 게 되 요
negative	여전히 해외 에서 는 안 되 는 건가요 ? 홈페이지 앱 모두 접속 이 안 되 네요
positive	좋 아요
negative	관리 좀 하 세요 ! ! 비밀 번호 좀 찾 으려는 데 회원 정보 가 일치 하 지 않 다고 나오 고 아이핀 도 해도 일치 하 지 않 는다고 하 고 지금 까지 사용 했 던 전 유령 임 ? 제발 좀 신경 좀 써 봐요 ! ! 성질나 서 주문 도 못하 겠 네 .
negative	업데이트 하 라더니 . . 출 첵 안 되 는 건 뭡니까 ? 나중 에 보상 해 주 시 나요 ? ?
negative	이벤트 계속 오류 나 고 이벤트 정보 자체 가 없 다고 뜨 는데 관리자 님 확인 좀 하 세요
positive	둘 다 맘 어 들 어용
negative	속도 가 다른 사이트 에 보다 너무 느림 상품 보다 짜증 나 구매욕 뚝 떨어짐
negative	도대체 왜 안 되 는 겁니까 오늘 새벽 부터 또 접속 오류 네요 이러 면 앱 을 없애 던가 한두 번 도 아니 고
negative	안 열려요 제거 후 다시 설치 해봐도 안 열리 네요 후기 보 니 저 만 의 문제 가 아닌 듯 하 군요 .
negative	몇 번 을 앱 삭제 하 고 새로 깔 아도 접속 안 됨 언제 해결 되 는 거 에요 ? 짜증 나
negative	롯데 닷컴 롯데마트 모두 바뀌 었 네요 ;; 근데 너무 불편 해서 . . 이 업무 한 사람 들 머릿속 이 궁금 해질 정도 입니다 . 황금연휴 에 가정 의 달 을 앞두 고 무리수 네요 . 마트 는 너무 불편 해져서 삭제 했 어요 . 타사 마트 앱 애용 하 면 되 니깐 요 .
negative	롯데마트 에서 항상 구매 하 는 데 업데이트 이후 장바구니 담 기 도 안 되 고 상품 누르 면 입력 값 이 유효 하 지 않 다는 화면 이 너무 자주 뜨 네요
positive	할인 이 많 고 보 기 편해서 자주 이용 하 게 되 네요 ~
positive	너무 좋 아요 ! 업 뎃 부탁 드려요 ~
negative	낮 은 가격 순 이나 신상품 순 정렬 해 놓 고 상품 하나 클릭 하 고 뒤 로 가 면 정렬 이 다 풀려 있 네요 . 매번 정렬 다시 설정 하 기 넘 힘들 어요 . 그리고 상품명 으로 검색 하 면 이미지 여러 개 보 기 가 아니 고 크 게 보 기 만 나오 는데 이것 도 너무 불편 하 고요 . 사소 하 지만 한 번 에 여러 개 비교 하 고 쇼핑 하 는 사람 한테 는 너무 불편 하 고 짜증 나 는 시스템 이 에요 . 예전 엔 안 그랬 는데 왜 그런가요 ? 다른 쇼핑몰 로 갈아타 려고 알아보 던 중 에 넘 답답 해서 글 남 깁니다 .
negative	이 앱 왜 이래요 ? 하도 속도 가 느리 고 버벅 여서 삭제 하 고 재 설치 하 니까 로그인 이 안 되 요 . 비밀 번호 가 잘못 됐 나 해서 비밀 번호 찾 기 하 니까 일치 하 는 회원 정보 가 없 다고 나오 는데 어떻게 된 거 에요 ? 올해 초 부터 몇 년 째 잘 쓰 던 앱 이 버벅 이 고 결제 도 안 되 더니 . . . 이젠 회원 이 아니 래 ~ ㅋㅋ 물건 사 라는 건지 말 라는 건지 . . . 대 기업 롯데 는 이런 거 개선 이 안 되 는 거 에요 ~?
positive	좋 다
negative	고객 센터 에서 는 정상 운행 되 고 있 다고 하 고 고객 은 튕겨져 나가 고 앱 관리 가 엉망 인 것 같 아요 . . 앱 아 제 데 로 운용 되 고 있 는지 조 차 파악 을 못 하 니 원 . .. 롯데 가 정신 못 차리 네요 ㅡ . ㅡ
negative	진심 쓰레기 로그인 안 되 서 비번 바꾸 고 다시 해도 로그인 안 되 서 전화 했 더니 고객 센터 는 나 몰라라 탈퇴 한다고 했 더니 너 그러 세요 ㅋㅋ 쓰레기 앱 에 쓰레기 회사 쓰레기 직원 쓰레기 서비스 임
positive	자동 할인 적용 되 서 간편 하 게 쓰 기 좋 아 여
