positive	좋 아용 굿 굿
positive	굳
positive	굿
negative	악 성 광고 지긋지긋하 다 스팸 메일 이랑 다를 게 뭐 야 ? 국가 손해 배상 뜨 면 니 들 이 진다 . 광고 좀 그만 해라
negative	팝업 그만 띄워라
positive	빠르 고 안전 한 배송 감사 합니다
negative	진짜 제발 그만 떠라 . .
negative	광고 개 빡 치 네
negative	광고 성 수신 하 면 10 프로 쿠폰 주 는데 ( 최대 1 만 원 할인 ) 100 만 원 물건 사도 10 만 원 할인 이 아닌 1 만 원 . 장난치 나 ? 온라인 물건 주문 시 3 일 지나 품절 이 라고 문자 오 는데 , 그 물건 파 는 오프라인 매장 전화 하 면 재 고 있 단다 어이없 네 . 특히 고객 센터 남자 직원 은 일 처리 너무 느림 . 이렇게 상술 이 더러운 온라인 쇼핑몰 . 쓱 ~~
positive	모아 노아 좋 은 점 과 혼동 되 는 점 이 상충 되 는 것 이 해결 하 기 어려운 점 이 지만 해결 하 실 수 있 으리라 봅니다
negative	내 가 이 앱 설치 할 거 같 냐 공초 를 하 고 말 지 악성 광고 ㅃㅃㅉ ~~
negative	광고 가 자꾸 떠서 더 싫 어 집니다 제발 그만 ㅠ 구글 앱 을 아 에 삭제 했 는데 유투 브 도 삭제 할까 고민 중
negative	하 . ... 앱 깔 으라 광고 좀 그만 해요 제발 . .. 폰 을 쓸 수 가 없 어요 . .. 이런 앱 리뷰 에 존댓말 쓰 는 제 가 한심 하 네요 . ..
negative	대체 몇 번 째 인지 . . 언제 부턴가 할 때 마다 로그인 하 라더니 이젠 비번 도 방금 찾 기 해도 안 되 고 , 핸 폰 로그인 했 는데 도 이 멜 인 되 서 안 된다는 둥 . 그러면 연동 은 뭐 하 러 해 놓 았 는지 . . 개인 정보 만 빼 갔 는가 . ..
negative	실내 와이파이 강력 한 곳 외 에 는 LTE 신호 로 는 재시 도 메세지 만 자꾸 뜨 고 . 일 년 넘 게 이 어 플 만 그러 네요 . 개선 해 주 세요 .
positive	빠른 배송 신선 한 상품 감사 합니다 ^^
negative	무한 광고 앱 리뷰 땜 에 깐다
negative	아직 미 사용 으로 정확 한 평가 를 하 기 가 힘드 네요 .
negative	맨날 폰 에 광고 뜨 는 범인
negative	결제 하 기 왜 이렇게 어려운 가요 어 플 깔 아도 안 되 고 까다로운 거 같 아요
positive	자주 이용 하 게 되 는 게 편리 하 고 빠르 고 좋 아서 ~
positive	쓸 만 한 앱 이 네요 ㅎㅎ
negative	광고 제발 요 . ... 이건 아니 잖아요 . .
negative	어 플 광고 오지 게 띄우 네 ㅋㅋㅋ 이딴 어 플 받 는 흑우 없 을 거 라 생각 한다
negative	광고 ㅎ .
negative	야 . 니 가 어떻게 하 는지 알 고 있 니 ? 광고 실화 ? 강제 사이트 ? 밑 에 뜨 는 광고 도 실화 ? ! 니 때 문세 어떤 앱 때문 인 줄 알 고 그 앱 지웠 는데 그 앱 때문 이 아니 라서 다시 깔 았 는데 코인 50000 개 넘 게 있 었 는데 20000 개 됬 잖아 ! ! 한 번 만 광고 더 뜨 면 이 앱 신고 ㅅ ㄱ . ㅎㅎㅎ . 리뷰 수정 중 . 광고 뜸 신고 함
positive	직장 생활 에 혼자 살 다 보 니 마트 가 기 가 쉽 지 안 은데 ㅎ 너무 편해요
negative	결제 진행 도중 이나 앱 실행 중 에 화면 이 멈춤 좀 더 원활 하 면 좋 겠 습니다
positive	만족 합니다
negative	연구소 . 라는 명칭 사용 이 무색 하 지 않 도록 끊임없이 노력 하 며 변화 를 꾀하 는 노력 의 흔적 이 보여 안심 이 됨 . 충성 고객 으로서 .
negative	깔 테 니까 광고 좀 그만 띄워 미치 겠 네
positive	싸 게 잘 산 거 같 네요 배송 이 빠를 련지 . .
negative	제발 무한 광고 좀 그만 하 세요 다른 어 플 하 는 도중 에 도 어 플 깔 으라고 바이러스 로 깔 으라 하 네요 최악 .
negative	오 900 캐시 를 줬 어 ! 정직 해 !
positive	좋 아요 소 쿨 . ....
negative	시 @ 광고 개 @♡ 야 그만 좀 해 . .
negative	카테고리 작업 을 좀 더 실속 있 게 해야 할 듯 식품 을 보 려면 쓸데없 는 거 잔뜩 보 고 지나 야 하 니 짜증 나요 과천 이마트 도 노선 을 빙빙 돌 게 만들 어서 짜증 이 었 는데 마치 그 와 같 은 느낌 이 었 습니다 쓱 굉장히 기대 했었 는데 . .
negative	광고
positive	조아 용
positive	쇼핑 하 기 편리 해요 ~
negative	카카오 페이 결제 하 면 카카오톡 에 떠야 되 는데 최신 버전 임 에 도 불구 하 고 안 됩니다 . 어떻게 하 면 될까요 ?
negative	신세계 상품권 결재 할려는 데 엄청 튕기 고 족 같 네 진짜 ssg 페이 어 플 깔 게 어 플 상 에서 는 상품권 아예 못 쓰 게 해놨 네 짜증
positive	가격 도 좋 고 제품 도 믿 을 만 하 네요 ~~^^
positive	좋 아요
negative	no dob
negative	주문도 중 에 다른 제휴 업체 어 플 ( okcashbag 등 ) 로 들어가 는 경우 가 있 는데요 다녀올 때 마다 결제 창 이 모두 꺼지 고 신 세계어 플 이 새로 열 러서
positive	다양 한 쿠폰 적용 으로 할인 이 되 어 득템 할 수 있 음
positive	할인 도 많이 받 고 앱 이 이용 하 기 편리 해용
positive	상품 도 다양 하 고 결제 도 완전 편하 네요 ! ㅎㅎ
negative	배송지 주소 변경 이 주 문창 에서 는 되 지 않 아 불편 해요
negative	아니 빡 침
negative	신세계 어 플 있 는데 계속 다운 받 으라 하 네 . . ㅡㅡ
positive	좋 음
positive	초등 학교 6 학년 핸드폰 입니다 . 핸드폰 이용자 의 나이 를 고려 하 여 정보 전송 해야 합니다
negative	아 좀 . .... 깔 테 니까 좀 광고 좀 그만 해 핸드폰 을 쓸 수 가 없 어 . ...
positive	주문 도 편하 고 쓱 머니 나 페이 결제 도 편하 니 사용 하 기 편하 네요
negative	혜택 이 많 을 줄 이 야 . .... ㅎㅎ
negative	아니 갑자기 구글 로 넘어가 면서 가 면서 광고 하 네 ? 강제 서비스 인가 ? ? 평점 - 999999999
positive	다양 한 제품 이 있 어 쇼핑 이 즐거웠 습니다 ~~
positive	너무 좋 네요 편하 고
negative	다운로드 안 되 고 로딩 도 안 되 네요
negative	휴대폰 번호 로 로그인 하 고 face id 로 로그인 한다고 늘 체크 하 는데 계속 안 되 네요 번거 롭 게 인증 번호 받 고 그렇게 매일 로그인 해요 , ,
positive	좋 네요
negative	머 하 느라 설치 했 는데 하 는 도중 리뷰 가 좀 그렇 길래 다시 생각 해 보 려구 봤 더니 머니 는 안 들어오 구 설치 는 돼 있 네여 ^^-
negative	배 그 할려고 들어갔 는데 안 깔 면 튕기 고 . .. 이게 뭐 야
negative	처음 가입 다운 받 아 써 보 려는데 . . 열라 짜증 입니다 . 쿠폰 26 개 받 아도 5 개 밖에 안 뜨 는 이유 가 뭔지 . . 뭘 해도 안 되 네요 . 시간 아깝 네요 . 탈 퇴고 민중
positive	편리 하 고 좋 네요 . 자주 이용 하 겠 습니다
positive	장바구니 도 오래 보관 되 어서 좋 구요
positive	검색 이 쉽 고 보 기 편해요
negative	신세계 상품권 사용 이 너무 힘들 다
positive	좋 아요 좋 아요 0
positive	편하 고 좋 아요
positive	8 세대 I 7 탑재 LG 노트북 을 꼭 구매 하 고자 했 는데 이제야 구매 를 합니다 . 배송 받 고 이후 후기 재 작성 하 도록 하 겠 습니다
positive	좋 아요
positive	좋 다 .
positive	타이어 교환 시기 에 따른 고민 중 에 SSG 안 에 모든 게 다 있 고 이렇게 편하 게 결제 까지 ~^^
positive	트 레이더스 주문 도 가능 하 구 편하 네요 !
positive	할인 제품 인데 유통 ㅈ 기한 이 좀 남 아 있 는 거 보내 주 시 고 배송 시간 이 뜨 면 정확 하 게 맞춰 주 시 고 좋 아요
positive	쌀 떨어졌 는데 쓱 배송 이 있 어서 참 좋 네요
negative	자꾸 깔 라고 넘어와 지 네요 홍보 를 그 따구 로 하 니 별점 1 개 주 고 싶 어 지 지
negative	아니 . .. 설치 안 하 겠 다는데 왜 이거 계속 설치 하 라 그러 죠 ?
negative	광고 끄 지라 제발
negative	쓱 배송 업 뎃 됐 다더니 4 만 원 이상 배 송료 무료 는 그대로 . 쓱 투 마 로 우가 쿠팡 로켓 프레시 인 줄 . .. 헷갈리 지 마세요 . 옛날 이랑 똑같 아요 . 괜히 다운 받 아서 주문 하 려고 봤 더니 정말 . . 안 써 본 댓글 을 다 써 보 네
positive	오오 여러분 ! 여기 는 정직 한 곳 이 었 습니다 ! 200 캐시 가 들어왔 어요 !
positive	좋 아요
negative	기본 구매 금액 이 너무 높 아 불 필요 한 소비 를 하 게 되 네요 ㅠ
positive	굿
negative	제발 바이러스 걸리 게 하 지 마 라 죽 는다 별 1 개 주 는 것 도 아까움
positive	잼 ?
negative	몇 시 에 도착 한 건지 7 시 에 문 을 열 어 보 니 얼음 다 녹 고 물 이 질퍽 하 게 생겨 있 었 습니다 . 아이스 팩 이 다 녹 았 더군요 ㅜㅜ 신경 더 쓰 셔서 배송 해 주 세요 .
positive	만족 해요
negative	광고 좀 작작 해라
negative	절대 하 지 마 셈 쓰레기 어 플 별점 1 도 아까움
negative	깔 테 니까 광고 좀 그만 떠 휴대폰 을 못 하 겠 네 정말 지긋지긋하 다
positive	인터넷 쇼핑 을 자주 하 지 는 않 은데 나름 물건 도 많 고 가격 도 쿠폰 할인 되 는 것 들 은 저렴 하 게 잘 사 게 되 는 것 같 아요 . 직구 물품 들 이랑 가격 만 조금 더 조정 되 면 더 자주 쓸 것 같 아요 .
positive	분유 기저귀 마트 안 가 고 도 착한 가격 에 맘 편하 게 쇼핑 가격 비교 하 느라 시간 낭비 는 시 로 시 로
positive	괜찮 은 거 같 아요
positive	간편 하 고 저렴 하 고 신속 하 고 정확 하 게
positive	하 네요
negative	앱 실행 하 면 포인트 카드 바코드 가 바로 뜨 게 해 주 세요 . 홈플러스 처럼 .
negative	요 좀 목사 님 들 이 난 불명 히요 이번 엔 로 또 가 오 당첨 이 도면 은 요 ㅇ긴ㅇ사해오모든 영광 을 하나님 께
negative	광고 그만 쳐 뜨 세요
negative	배송 도 느리 고 안 신선 해요 ㅠ
negative	너무 광고 가 떠서 짜증
positive	빨리 배송 된다는 점 이 참 좋 아요 ! 바쁘 거나 급할 때 자주 이용 해요 ^^*
positive	쓱 페이 로 할인 도 받 고 손쉽 게 결제 도 하 고 너무 편해요 ~~
positive	좋 은 상품 편하 게 잘 이용 하 고 있 습니다 ~^
positive	한 곳 에서 다양 하 게 쇼핑 할 수 있 어 좋 아요
positive	빠른 배송 과 품질 굿 !
positive	좋 아요
positive	좋 아요
negative	어 플 아이콘 눌러서 들어가 면 왜 네이버 브라우저 통해서 접속 되 나요 ? 플레이 스토어 에서 검색 해서 열 면 제대로 어 플 로 열리 던데 . .
positive	처음 이용 해 봤 는대 슥 페이 도 편하 고 이마트 슥 배송 도 너무 편해요
positive	좋 은 제품 한 번 에 찾아볼 수 있 어서 애용 하 고 있 습니다
positive	시스템 이 사용 하 기 편해요
positive	사용 하 기 편하 네요 ~
negative	상품 가격 들 이 다른 곳 보다 조금 씩 더 싸 긴 한데 계속 튕겨 서 회원 가입 도 못하 겠 고 렉 걸림 .
negative	쿠폰 때문 에 깔 았 는데 안 좋 아요
negative	생활 용품 옷 음식 사 려고 자주 이용 하 는 편 인데 주문 하 고 나 서 주문 상품 의 40 % 정도 는 재고 가 없 어서 환불 받 는 경우 가 부지기수 네요 . 특히 신세계 몰 상품 이 그렇 던데 관리 가 참 안 되 는 듯
positive	넘 편하 고 좋 아요 ^^
positive	좋 긴 해요
positive	당첨 도 되 지 않 을 이벤트 로 어 플 설치 를 유도 개 같 은 어 플 신세 깨 새끼 들
positive	언제나 한결 같 은 ssg 닷컴 을 주로 이용 합니다 가격 도 쿠폰 써서 좋 고 배송 도 빠르 고 품질 도 좋 아서 자주 이용 합니다
negative	타인 의 플 스 당첨 여부 알 수 가 없 음 다운로드 수 늘리 려는 의도 적 이벤트 인 건 알 지만 이벤트 결과 에 대한 구체 적 인 공지 가 없 음
negative	쓰레기 . ..
positive	신세계 제휴 카드 쓰 면 포인트 많이 주 고 배달 빠르 고 다른 마트 배달 시켜 봤 는데 물건 오래 된 거 가져다 주 고 그런데 쓱 배송 은 제조 일 최 근거 가져다 줘서 좋 아요
positive	결제 빠르 고 좋 아요 . 할인 도 많이 되 어 좋 습니다
positive	보 기 쉬워 용 ㅎㅎ
negative	선착순 으로 할인 쿠폰 ' 추첨 기회 ' 발급 ? 그 마저 도 수량 한정 에 조기 매진 가능 ? 근데 수량 은 미고 지 ? 미끼 상품 으로 개인 정보 먹 고 화제 성 도 키우 고 , 개양 아치 네요
positive	제발
negative	신세계 계열 이 용시 편 합니다
negative	진짜 저 아무것 도 안 눌 럿는데 자꾸 이 창 이 뜨 네요 정말 이 창 볼 때 마다 짜증 납니다
positive	아니 어찌 된 게 네이버 최저 가 보다 더 싼 상품 이 있 지 ? , 최저 가 보다 더 싸 게 산 것 도 기분 좋 지만 처음 구매 1 만 원 할인 은 더 대박 ! ! 기분 좋 네 짱짱 ~!! 인터페이스 고 뭐 고 완전 좋 음
negative	1 . 주소 수정 주소 수정 시 층간 변경 만 있 는 경우 도 다수 발생 되 는 데 전체 주소 수정 해야 하 고 부분 수정 이 안 됨
positive	품목 도 많 고 쓱 배송 횟수 도 많 아 장보 기 좋 아요 ^^
negative	배송 이 너무 느려요
negative	이거 진짜 노 답 이 에요 절대 깔 지 마세요
negative	앱 겁나 느리 고 쿠폰 이 벤트 한 번 에 서버 접속 안 되 고 앱 응답 없 음 . . 요청 많이 들어오 면 답 없 나 . .
positive	넘 좋 아요 물건 수 가 많 아서 좋 고 보 기 편해요 어 플 만드 느라 참 고생 하 시 는 거 같 아요 덕분 에 편하 게 씁니당
positive	아주 편하 고 좋 네요 ! 자주 이용 할께요 !
positive	너무 좋 아요
positive	조아 요
negative	앱 이 자꾸 멈춤 노트 5 인데 . ....
positive	물건 이 좋 아요
negative	8550 원 짜리 패딩 있 는 것 처럼 해 놓 고 들어가 면 반팔 티 . ... 낚시 완전 잘 함 그래서 별 한 개 드림
negative	캐시 워 쿠폰 이 예전 엔 잘 됬 는데 이제 않 되 요
positive	항상 이용 하 고 있 어요
positive	굿
negative	모바일 은 현금영수증 칸 작성 칸 안 나옴 페이 전화 , ssg 몰 전화 두 번 씩 하 고 시간 낭비 완전 열받 음
positive	좋 아요
negative	좀 재 밋 ? 있 는 게임 도 넣 어 주 세요 아 쉬 에 묘
positive	개 킹왕짱 편함 가격 도 동네 슈퍼 보다 싼 거 엄청 많 음 특히 노브랜드 상품 품질 좋 고 왕 쌈
negative	망할 놈 의 광고 ! ! 왜 자꾸 광고 가 뜨 냐고 ? !!!!!
positive	굿
positive	백화점 까지 안가 도 저 럼 하 게 구입 할 수 있 어서 좋 아용 ~^^*
positive	항상 애용 하 고 잇 습니 닷
positive	배송 이 빨 라요
negative	광고 좀 작작
negative	바로 주문 을 진행 하 다가 실패 할 경우 주문 하 려던 상품 을 다시 찾 지 않 고 다시 진행 할 수 있 게 해 주 세요 예 를 들 면 바로 주문 시 장바구니 자동 등록 후 주문 완료시 삭제
negative	더 개선 해 주 세요
positive	설치 하 고 받 으러 가 니까 ? 신규 설치 자 만 됩니다 ? ??? 방금 설치 했 는데 신규 만 됩니다 ? ?? 이거 깔 지 마 셈 ;
positive	좋 아요 .
negative	광고 라니 내 가 광고 라니
negative	설치 도 안 햇 는데 자꾸 튀어나오 네 빡 치 게
negative	이거 왜 계속 멋대로 설치 하 라고 강요 하 는 거 져 ? 사람 짜증 나 게
positive	정말 좋 은 앱 인 거 같 아 여 ~~~
positive	앱 으로 주문 하 니 편하 네요 .
positive	할인 해서 넘 좋 아요
negative	좀 비고 땜 에 깔 았 는데 왜 안 되 죠
positive	광고 가 아주 좋 아요 .
negative	ㅜㅜ 이상 해
negative	아니 바이러스 걸린 후 부터 갑자기 이 앱 들어가 짐 ;;;
positive	좋 은 제품 을 찾 기 쉽 고 온라인 으로 주문 쉽 고 배송 도 빨라 자주 이용 합니다
positive	좋 아요 좋 아 ^^
negative	별루 안조 네 용별 주기 실음
negative	일반 카드 결제 를 눌렀 는데 자꾸 페이 백 ? 인증 창 이 뜨 고 . . 몇 번 시도 하 다 결국 카드 바꾸 고 나 서 야 isp 결제 창 으로 넘어가 네요 . .. ( bc 카드 선택 시 그랬음 )
negative	주문 계속 처음 으로 돌아가 서 여섯 번 시도 함 ㅠㅜㅜ 슥 머 니 쓰 기 참 힘드 네요 . ... 휴
positive	손쉽 게 구매 할 수 있 어 좋 아요
positive	굿 굿
negative	다운로드 왜 이렇게 안 돼요
positive	좋 네요
negative	웜 포 슬 린 처음 사용 해요 , 샘플 부탁 드려요
positive	굳
negative	물건 이 아주 좋 진 않 더라구요
positive	집 에서 무거운 물건 구매 가 너무 좋 네요 ! ! 힘 들 이 지 않 고 , 쌀 같 은 무게 를 집 에서 받 을 수 있 고 ! ! 포인트 적립 도 되 고 ! !! ^^
positive	기다리 던 제품 , 좋 은 가격 에 맛있 게 잘 먹 을 게 요 ^^
negative	페이스 인증 로그인 으로 손쉽 게 장보 니까 좋 네 욥
positive	좋 아요
positive	스텔론 저그 를 해외 직구 로 간편 하 고 배송 비 저렴 하 게 구입 하 게 돼서 넘 좋 아요 ~
negative	카카오 가 문제 인지 ssg 가 문제 인지 모르 겠 지만 페이 코로 결제 했 습니다 결국
positive	좋 아요
negative	. 무궁 한 발전 바랍니다
negative	뭔 업 뎃을 이리 많이 ? ? 업 딧할 때 마다 쳐 튕기 고 . .... 튕기 는 것 좀 작작
negative	ssgpay 가 연동 이 안 되 네요 ;;;
negative	광거 강제 링크 하 지 마 라
negative	영상 볼 때 마다 들 어 가지 고 이딴 앱 갑자기 왜 나옴 ? 영상 볼 때 뭐 가 필요 있 다고
negative	제발 튕기 는 것 좀 고쳐 줘요 . .
positive	배송 도 빠르 고 알람 서비스 도 좋 아요 너무 감사 해요
positive	조아 요
negative	다 들 1 점 이 니깐 나 도
positive	이런 앱 은 진짜 강추 추 합니다
positive	광고 지워도 지워도 계속 뜨 네 짱 개 니
negative	그지 같 네요
negative	이 앱 사용 안 하 는데 자꾸 네 × 버 사용 만 하 면 여기 로 들어와 져요 . .. 왜 이래요 ?
negative	다운로드 대기 중 이 라고 만 한 시간 째 . ..
positive	태블릿 현대 카드 페이 샷 결제 가 안 되 네요 갤럭시 탭 이 고 다른 사이트 에서 는 됩니다
negative	사력 을 다 해서 만들 었 다는 어 플 이 어찌 쿠팡 보다 못 합니까 리뷰 쓰 고 별명 작성 하 는 것 마저 짜증 나 게 만들 어서 한 줄 더 남 깁니다
positive	좋 아요
positive	어설픈 신세계
positive	아주 좋 아요
negative	앱 사용 하 다가 혈압 올라 기절 해버릴 거 같 음
positive	다른 사이트 에서 구입 하 기 어려운 과체 습관 을 매우 저렴 한 가격 으로 구입 해서 기분 짱 ! ! 다음 에 도 부탁 드립니다 . .
positive	쵝오
negative	그냥 개 같 음
positive	여러 앱 가입 안 해도 되 서 너무 편해요
positive	최고
negative	아 진짜 업 뎃할 때 마다 밖 으로 쳐 삐져 나오 는 것 좀 고쳐 봐요 ㅡㅡ개짱나네 진심
negative	업데이트 를 쳐 할 때 마다 맨날 폴더 밖 으로 쳐 삐져 나옴 그리고 편리 성 도 개 같 고 이 앱 누가 만들 었 는지 는 몰라도 개 같 음 한 번 만 더 삐져 나오 면 제거 할 고임
negative	업 뎃 작작 좀 . ..
negative	업데이트 가 아침 저녁 식사 나 일기 도 아니 고 한 번 할 때 제대로 해요 백신 도 아니 고 작작 좀 합시다 아니 방금 전 에 했 는데 또 ? 무슨 게임 패치 인지
positive	쇼핑 앱 중 에 가장 많이 쓰 고 있 어요
positive	사용 하 기 편하 고 좋 은 어 플 입니다 . 다만 최근 안드로이드 P 에서 알림 바 노출 이 안 됩니다 . 업데이트 부탁드려요 .
positive	상품 검색 , 많이 구입 하 는 제품 등 을 쉽 게 보여 줘서 구매 하 는 데 많 은 도움 이 되 었 어요 .
positive	결제 절차 배송 또한 상품 들 도 모두 만족 합니다 .
positive	좋 아요
positive	상품권 등록 이 간단 해져서 편합니다 ~ 할인 쿠폰 도 자주 보내 주 셔서 감사 합니다 ~
positive	한 번 에 다 같이 쇼핑 하 기 너무 좋 네요
positive	편하 고 깔끔 해요 완전 스마트 한 느낌 ㅎㅎ
positive	Good
positive	네 X 버 , X 팡 , C 마켓 등등 늘 이용 하 던 곳 을 반복 적 으로 사용 하 다가 처음 SSG 를 통해 물건 을 구입 했 는데 가격 도 저렴 하 고 배송 도 빨라서 놀랐 습니다 . 첫 느낌 이 오래 갈 수 있 기 를 바라 며 . .. 매우 만족 합니다 ! !^^
positive	제품 좋 은 가격 에 구매 할 수 있 게 쿠폰 행사 가 많 아서 좋 네요 ㅎ
negative	너무 복잡 함 쿠폰 도 알림 설정 하 면 주 는 줄 알 았 더니 안 나옴 쿠폰 이
positive	간편 하 게 신속 하 게 편리 하 게 쇼핑 이 가능 해졌 네요 ^^
positive	편하 고 좋 아요
positive	아기 키우 면서 분유 가 ( 압 타밀 ) 갑자기 떨어질 경우 이마트 쓱 배송 으로 당일 배송 받 을 수 있 어 너무 편리 합니다 . 남편 보다 쓱 배송 이 더 듬직 하 네요
positive	통합 되 어서 같이 관리 되 니 좋 네요
positive	제품 도 믿 을 만 하 고 배달 도 해 주 니 편안 합니다 .
positive	제곧내
positive	아주 편리
negative	광고 그만 나왔 으면
negative	하 . . 저 좀 비고 땜 에 깔 았 는데 평점 보 니 이거 안 좋 네요
negative	사용 은 안 했 는데 광고 가 1 일 10 번 은 뜬다고 요 !
positive	결제 승인 도 빠르 고 좋 네요
negative	이 쓰래 기 내 전화기 에서 치워 .
negative	재고 관리 엉망 에다가 쇼핑몰 관리 도 엉망 . . 배송 도 느리 고 , 모르 고 시키 면 재고 없 다고 카톡 으로 옴 . .
negative	헬로 펫 때문 에 깔 았 는데 쿠폰 받 고 보 니까 품절 이 더라고요 ? 품절 된 상품 쿠폰 은 주 지 마시 던가 다른 상품 쿠폰 을 좀 주세요
negative	오랫만 에 앱 으로 쇼핑 하 다가 열받 았 네요 . 지워버릴까 했 던 이유 를 알 겠 어요 . 남편 이 회사 에서 신세계 상품권 받 아 와서 백화점 에 갈까 하 다 바쁘 니 앱 으로 사 보 자 했 는 ㄷ 상품권 이용 하 려고 전환 하 기 를 아무리 해도 화면 에 글 조차 뜨 지 않 아서 고객 센터 에 전화 하 고 시스템 문제 가 아니 다 로 끝나 고 앱 을 삭제 하 고 다시 해도 소용없 고 한 밤중 에 멀리 있 는 이마트 까지 찾아가 서 전환 하 는 데 스크래치 있 는데 일부러 오 셨 나고 그래서 앱 이 엉망 이 라 했 네요 . 남편 이 차라리 롯데 상품권 이 낫 겠 네 . .. 공감 이 네요 . 백화점 . 이마트 멀 고 온라인 상 이용 도 불편 하 고 . 그래도 구정 선물 로 돌릴 려고 석류 즙 4 박스 나 샀 는데 뜯어보 니 선물 용 박스 도 안 들 었 고 달랑 배송 용 큰 박스 에 . .. 그것 도 배송 오 면서 모서리 가 찢어지 고 더러운 걸 선물 로 주 긴 싫 어요 . 알 았 으면 안 샀 을 거 에요 .
negative	편리 하 게 구매 하 려고 이용 하 는 하 는데 오히려 기분 까지 언 잖아 졌 습니다 . 믿 고 구매 하 는 데 배송 상태 꼼꼼히 점검 하 실 필요 가 있 겠 네요 . 쓱 배달 된다더니 완전 엉망 으로 오 는 거 보 고 놀랐 습니다 . .. 배송 으오 그 업체 이미지 도 결정 되 는 건데 , 꼼꼼히 점검 하 실 필요 가 있 을 꺼 같 네요 .
positive	무거운데 배송 이 되 니 너무 좋 습니다 기사 님 들 화이팅 !
positive	앱 좋 네요 ~
positive	그리고 믿 음 ! !
positive	색상 도 이쁘 고 발림 성 도 좋 아요
positive	굿
negative	광고 로 들어와 어요
negative	음 . . 일단 별점 5 개
positive	정말 괜찮 아요 .
positive	사용 이 간편 하 고 좋 아요 시간 절약 에 촤적화된 시스템 임
positive	111
positive	편하 고 좋 네요
positive	좀 고 보상 받 으려고 ㅎㅎ
positive	동시 에 이마트 신세계백화점 등 상품 을 한 번 에 볼 수 있 어 편리 합니다 !
positive	가격 대비 괜찮 습니다 . ^^ 배송 도 겁나 빠르 네 용
positive	쉽 고 빠르 게 결제 할 수 있 어서 좋 아요
positive	쇼핑 하 기 적합 해요 결제 방식 도 다양 해서 쓰 기 좋 고 쿠폰 도 쓰 기 좋 네요
negative	쓰레기 ㅇㅈ
positive	개꿀 ㅋㅋㅋ 너무 좋 은 데여 오늘 첨 쓰 는데
positive	솔직히 이거 좀 비고 가스 받 으 력 ㅎ 하 느 거 에요
negative	캐시 워크 때문 에 깔 았 는데 캐시 워크 랑 연결 이 안 되 네요
positive	정말 좋 은 어 플 입니다 가격 도 저렴 하 고 배 송동 무배 에 빠릅니다 추천 합니다
negative	왤케 광고 를 하 니 작작 하 자 우리 초 . 딩 은 알 다시피 돈 이 없 거든
negative	자꾸 앱 중지 되 면서 꺼지 길래 다시 깔 았 는데 열리 지 도 않 음 ᆞ ! !!!!!!
negative	배송 은 간편 하 고 좋 은데 결제 가 무 통장 입금 이 왜 없 나요 . 내 가 못 찾 는 건가 . .. ㅠ
positive	어렵 지 않 고 손쉽 게 장보기 하 니 무겁 게 들 고 오 지 않 아도 되 서 너무 좋 네요
positive	제품 도 아주 만족 해서 기분 좋 아요
positive	여러 가지 다 되 고 할 인도 마니 되 고
negative	계속 다르 게 입력 했 다고 오류 뜸
positive	아기 데리 고 장보 러 가 기 힘든데 주문 하 면 현관 까지 가져다 주 시 고 너무 편하 고 좋 아요
positive	이 벤 티 쿠폰 도 많이 나오 고 유용 하 게 쓰 고 있 네요
positive	좋 아요
positive	좋 음
negative	알리 익스프레스 보다 배송 이 늦 고 제품 아 지금 어떤 상태 인지 파악 도 못함 . 1 : 1 고객 센터 톡 은 즉시 확인 한다고 하 고 빨리 알아봐 주 겠 다고 대답 하 고 30 분 뒤 에 아무런 말 없이 1 : 1 톡 방 에서 나감 . .
positive	쿠폰 써서 좋 아요
negative	왜 이렇게 느린 겁니까 ? 버그 ? 오류 ?
negative	결제 하 기 에서 안 넘어가 네요 . .
positive	종종 사용 하 는 데 사용 함 에 있 어 크 게 무리 가 없 습니다 .
negative	ssg pay 결 제시 결제 창 안 뜸 .
negative	편해 욤 엘 롯데 보다 나 은 듭
positive	배송 도 빠르 고 제 픔도 좋 습니다
negative	비밀 번호 변경 을 위해 여러 번 인증 하 고 완료 가 되 었 다고 해서 로그인 을 시도 했으나 로그인 이 안 돼서 삭제 하 였 습니다 . 다시 는 사용 안 할 거 같 네요 .
negative	헬 * 펫 , 좀 * 비고 등등 으로 깔 아서 캐시 , 쿠키 , 가스 등 이 안 들어오 셨 다고 하 는데요 . 그건 그 앱 의 문제 고 이 앱 에서 해결 할 수 있 는 게 아니 에요 . 그 앱 이 이 앱 을 광고 로 설치 하 라고 한 거 지 , 캐시 가 안 들어왔 다고 평점 낮 게 주 는 건 그 앱 에게 망신 을 주 는 행동 입니다만 ? 이 앱 이 아니 라 그 앱 에게 따져야 할 문제 에 요 ~~ 이거 참 스 알 못 이 네 ^-^.. 저 도 타 게임 으로 넘어왔 긴 하 지만 리뷰 보 니까 쓰레기 리뷰 들 이 많 길래 해 보 지 는 않 았 지만 별 5 남기 고 갈게요 : )
positive	신세계 브랜드 답 게 좋 은 상품 선택 할 수 있 었 고 지 인 분 들 께 선물 했 습니다
positive	편하 게 쇼핑 할 수 있 어서 좋 아요 .
positive	좋 다
positive	괜찮 아요 ~~♡♡
positive	결재 시 이것저것 선택 이 되 어 좋 음
positive	편하 고 좋 아요
positive	좋 아요 이제 자주 이용 할 듯 합니다
negative	12 미니 로그인 계속 풀려요 로그인 할 때 마다 자동 로그인 은 계속 체크 되 어 있 어요
positive	헬로 펫 때문 에 깔 알 어요
positive	전 신세계 와 이마트 의 성장 성 을 믿 고 , 신세계그룹 에 애정 을 갖 고 투자 하 는 주주 입니다 . ssg 페이 , 쓱 배송 해 보 니 정말 좋 은데요 앱 속도 가 느린 건 반드시 개선 해야 할 문제 라 판단 됩니다 . 쇼핑 을 하 는데 약간 답답 하 고 버벅거리 는 느낌 을 받 는다고 할까요 ? ? 경쟁사 유통 업체 쿠팡 은 앱 속도 매우 빠릅니다 . 제품 품목 수 도 많 고 , 가격제 한 없이 로켓 배송 도 하 고 있 구요 . 어 플 의 버벅 거림 개선 , 쓱 배송 가격 한도 조정 , 품목 확대 만 된다면 좀 더 한국 소비자 들 이 더욱 매력 적 으로 다가오 지 않 을까 생각 합니다 . 혹시 이 글 을 담당 자분 이 보 신다면 한 번 건의 해 주 시 면 감사 하 겠 습니다 ^... 전체 리뷰
positive	할인 기회 에 구매 결정 합니다
positive	정말 빠르 고 편합니다 굿
positive	좀 고 땜 깔 음 바로 지움
negative	고객 상담 하 다가 종료 된 지도 모르 고 혼자 상담 하 고 있 었 고 재고 관리 도 제대로 되 지 않 는 앱 입니다 . 다른 큰 쇼핑몰 의 수준 을 기대 하 고 사용 하 지 않 는 것 이 정신 건강 에 좋 습니다 .
positive	조 말 론 향수 구입 ! ! 향수 워낙에 가짜 가 많 아서 ssg 에서 믿 고 구매 합니다
positive	편리 하 네요
positive	짱 이 에요
negative	카 카페 캐시 가 안 들어오 네요 앱 잘못 이 아닌 건 아 는데 아무리 기다려도 안 들어옵니다
negative	오류 가 넘 심해요
positive	핼 로 팻 땜 에 깔 았 는데 쿠키 가 빨리 안 들어오 네요 게다가 쿠폰 받 았 는데 바로 품절 ? 지 웁 니 다 용량 낭비 네요
positive	좋 아요 엄청나 게 ㅡ
positive	첨 이용 해 봤 는데 결제 수단 을 다양 하 게 지정 할 수 있 어서 편리 하 네요 ! ?-
positive	잘 사용 하 고 있 어요 ~ 매우 만족 합니다 .
positive	항상 만족 합니다 . 배송 시간 도 정확 해서 좋 구요 .
negative	결제 ui 불편 , 배송 시간 지정 도 안 되 네요
negative	헬로 펫 때문 에 앱 까 는데 다운로드 중 다운로드 중 이러 면 앱 을 못 깔 고 0 퍼센트 되 잖아요 . 빨리 좀 해 주 세요
negative	신세계 포인트 사용 하 려고 인증 하 고 비밀 번호 입력 하 는 것 만 10 번 쯤 시도 했 습니다 . 인증 다 마치 고 제일 마지막 인증 완료 만 뜨 면 되 는데 그 단계 에서 계속 창 에 아무 것 도 안 뜨 고 완료 가 안 되 네요 .
positive	오 반장 등 행사 통해 저렴 히 구매 할 수 있 어 좋 아요 쿠폰 도 많 구요 ~
positive	완전 편하 네요 굿 굿
negative	품절 4 일 만 에 연락 오 네 , , , ,
negative	쓸 때 마다 로그인 을 해야 하 네요 너무 불편 ㅡㅡ 이럴 거 면 뭐 하 러 어 플 써요 ?
negative	카카오 페이지 캐시 받 으려고 깔 았 는데 로딩 이 좀 느리 네요
negative	음 카카오 페이지 때문 에 깔 앗 는데 캐시 받 기 가 늦 게 들 어 왓 네요 상품 은 다양 하 게 있 는데 속도 가 느리 것 같 아요
positive	너무 잘 애용 하 고 있 어요 ^^ 간혹 들어오 면 이벤트 도 자주 하 는 거 같 고 믿 고 구매 하 니 좋 은 상품 들 만 신경 써서 올려 주 시 고
positive	모든 게 편하 고 좋 아요
positive	굿 굿
positive	헬로 펫 땜 에 깔 음 ㅅ ㄱ
negative	저 도 핼 로 팻 떼 매 까 름
positive	헬로 팬 때문 에 깔 았 어요 .
negative	장바구니 에 들어가 면 최신 구매 한 것 을 상담 으로 오 게 해 주 세요 다른 오픈 마켓 처럼 !
positive	다른 사이트 보다 저렴 하 녜 요
negative	헬 로 폣 때문 에 깔 았 어요 . 최악 입니다
negative	다양 한 몰 과
positive	색갈이 쁘겠쬬 선물 줬 어요 선물 포장 도 예뻐요
positive	좋 아요
positive	가까이 있 어서 좋 아요 ~~
negative	맞춤 형
negative	별로 네요
positive	간단 하 게 집 에서 백화점 내 의 거의 모든 상품 들 을 보다 저렴 하 게 구매 할 수 있 어요 . 잘 사용 하 고 있 습니다 .
negative	지하철 에서 나 사무실 에서 나 길 을 걷 다가 도 사 야 할 물건 이 생각나 면 쓱 ㅡ하면 순식간 에 해결 되 지요 ~~~
positive	장보기 귀찮 을 때 무거운 짐 부담 스러울 때 최고 입니다 감사 합니다
positive	가격 최고 ~ 제품 도 최고 ~ 배송 도 빨라서 종 네요 ^^ 정말 잘 산 것 같 아요
positive	간편 하 고 좋 네요 ^^
positive	냉무
negative	으 속 터져
negative	사용 하 기 편해 여
positive	너무 좋 아요 .
positive	죠 은 가격 에 산 듯 요 ~~~ 물건 도 좋 길 기대 해 봅니다
positive	편리 하 고 좋 습니다 안 써 보 신 분 들 은 추천 드립니다
negative	티비 홈 쇼핑 찾 기 가 좀 어렵 네요
positive	편하 고 혜택 도 주 고 좋 아요
negative	대 에 박 아침 에 시켰 는데 오후 에 도착 하 다니 둘째 가 아픈데 암것도 먹일 게 없 는 데 아픈 아이 데리 고 시장 가 기 힘들 어 쓱 배송 을 시켰 어요
positive	오늘 처음 구매 하 는데 참 쉽 게 되 어 있 어 편리 하 네요
positive	아이폰 유저 인데 , 쓱 페이 할인 및 쓱 페이 와 연동 하 면 결재 도 빨라서 좋 아요 .
positive	앱 구성 이 좋 아요
positive	간편 하 게 구매 할 구 있 어서 편리 하 네요
positive	편리 하 게 쓱 ~~ 좋 아요
positive	배송 안내 와 배송 속도 가 빠르 며 직원 들 의 고객 위주 응대 서비스 가 좋 습니다 택배 기사 님 들 도 먀 우 성실 하 시 며 서비스 가 좋 습니다 배송 후 반품 교환 처리 와 서비스 도 매우 탁월 하 여 구매 에 안심 됩니다 .
positive	다른 몰 들 은 앱 을 여러 개 깔 아야 하 지만 이건 하나 만 깔 면 통합 되 니 조 으 네요
positive	링크 연계 잘 되 어 있 어 좋 습니다
negative	어색 했 어요 처음 에 ~
positive	다양 한 제품 에 만족
negative	카톡 페이도 ㅠ 안 되 고 무통 장동 번거 로움
positive	겜 골드 땜 에 깔 음 . . ㅈ ㅅ ㅈ ㅅ
negative	포인트 비밀 번호 인증 계속 오류 나 고 짜증
negative	구매 목록 지워 주 세요
positive	완전 좋 아요
positive	쇼핑 하 기 가 편리 해졌 내 요
negative	고객 센터 일 진짜 못 함 속 터짐 자기 들 이 잘못 하 고 뒷 처리 는 고객 이 알 아서 ~^^ 두 번 다신 이용 안함 맘 같 아서 는 빵점 주 고 싶 음
positive	아주 좋 은 조건 으로 구매 하 게 되 서 좋 네요
negative	그런데 말 이 죠 로딩 창 에 굳이 그걸 봐야 하 나요 ㅠㅠ 매 로딩 마다 그 느리 고 이미 사용 하 고 있 는 사람 들 에게 는 쓸모없 는 장면 을 보 는 괴로움 , 이해 해 주 세요 . ..
positive	정말 말 그대로 신세계 입니다
negative	안녕 부족 전쟁 왔 던 얘 것 . 하지만 그 . 이 . . 빵꾸 똥 꾸 야 . 이 대통령 은 특히 이번 학기 동안 잘 안 되 는 일 있 으면 언제 든지 연락 주 시 기 것 같 은 느낌 물씬 나 는 그 동안 운동 열심히 하 면 좋 을 듯 하지만 그 . 이 . . 빵꾸 똥 꾸 야 . 이 같 은 내용 의 공문 을 보낸 것 아니 냐 는
negative	상품권 전환 이 안 됨
negative	신세계 이마트 트레이더 스 등 한눈 에 구분 좀 되게 해 주 세요 ~~~~~ 넘 불편 합니다 ㅡ
positive	많 아서 좋 네요
positive	ㅣ ㄱ
positive	저렴 하 고 좋 네요
positive	쇼핑 부터 결제 까지 한 번 에 쓰윽 좋 은데요
positive	간편 하 구 좋 은 것 같 아용
positive	역시 어 플 잘 만 듬
positive	너무너무 조 아요 ! !!
negative	별루
positive	좋 아요
negative	처음 이 라서 잘 모르 겠 어요
negative	앱 다운로드 가 더뎌 요 ~
positive	생소 한 방법 이 있 다면 바로 합니다
negative	시간 낭비 입니다 . 최악 입니다
positive	좋 아요
positive	굿
positive	개선
negative	이 앱 을 왜 깔 았 지 . ..
positive	배송 은 좀 늦 어 졌 지만 상품 은 정말 최고 입니다 .
positive	쉽 고 편리 해요 ~ 대부분 최저가 라서 믿 고 주문 합니다 ~
negative	브랜드 별로 제품군 이 다양 하 고 제품 사진 과 국내 사이즈 로 변환 되 어 있 어 구매 로 이뤄지기 가 좋 습니다 이번 에 샌들 구매 할 때 보 니
negative	롯데카드 엘 페이 나 앱 카드 결제 안 됨
positive	싸 고 좋 아요
negative	근데 사만 원 이상 무배 라 별 하나 뺄 라 했 는데 안 되 네요 ㅎ
negative	장바구니 에 이유 없이 1 이 뜸 . . 혹시 몰라서 확인 해 보 면 비 어 있 는데 다음 날 또 장바구니 에 1 표시 . ... 이거 매일 낚이 는 기분 이 라 별 1 도 아까움 .
negative	어 이 님 들 아 관리 똑바로 해라 3 일 전 물품 올라와 있 는 거 구매 했 다 근데 물품 배송 밀린다 길래 참 고 기다렸 다 급 해서 빨리 했 어야 하 는 상황 인데 오늘 와서야 물품 이 품절 됬 다는 연락 이 왔 는데 이게 말 이 돼냐 ? 정신 차리 고 살 아라 이게 무슨 피해 임 시간 5 일 날리 고 쿠팡 에서 산다 이렇게 살 지 마 라 손님 을 무슨 흙 으로 보 나 품절 된 걸 왜 올려 두 고 난리 피 는 거 임 ? 시간 은 보 항도 쳐 안 해 줄 꺼 면서 이 따구 로 할꺼 면 앱 을 만들 지 마 셈 ;;
positive	감사 합니다
positive	앱 사용 도 편하 고 SSG 결재 시스템 도 오류 없이 빠릅니다 더욱 많 은 곳 에서 결제 를 받 으면 좋 겠 습니다
positive	선물 받 아서 쓰 는 데 편하 고 좋 아요
positive	다 들 어 있 는 어 플 도 백화점 같 아서 사용 하 기 편하 네요 .
positive	알림 허용 을 하 니 할인 쿠폰 할인 적용 요일 등등 대박 인 득 ㅋㅋㅋ ㅋㅋ 좋 아 욤
positive	친절 하 고 편리 한 앱 입니다 ^^
negative	자동 로그인 해도 자꾸 로그아웃 되 어 있 어서 매번 너무 불편 해요
positive	장모 님 께서 연세 가 있 으신 지라 건조기 를 처가 댁 에 투척 했 더니 모두 들 좋 아 하 시 네요 ~~~ 감사 해요 SSG . COM
negative	이상 한 언어 로 한글 파괴 하 지 말 고 제대로 된 말 로 CF 찍 어라 . 한심 하 다 .
negative	SSG 비싸 다고 생각 했 는데 아니 네요 ~^^
negative	이런 앱 만들 어 소비자 정보 털 생각 하 지 말 고 있 는 웹 베이스 에서 나 장사 잘 하 시 지요
negative	강제 취소 되 네요 . . 요즘 경제 활동 이 활발 한데 . ,
positive	신세계 쇼핑 좋 아 합니다 편리 하고 요 자주 이용 합니다 백화점 갈 일 이 없 죠
negative	타사 인터넷 쇼핑몰 보다 상품 의 상세 정보 가 잘 표기 되 어 있 고 상품 분류 또한 알아보 기 가 쉬운 것 같 습니다
positive	늘 친절히 배달 해 주 신 분 들 께 감사 드립니다 . ^^
negative	결제 하 려다 쓰러질 듯 내 돈 내 가 쓰 는 데 짜 증지 데 루 이네 요 ~~~~
positive	최고 의 앱 입니다
positive	나중 에 요 . ..
positive	정말 편하 고 쉬운 앱 이 예요 . 늘 장 볼 때 애용 합니다 . 좋 은 앱 감사 해요 ^^
positive	기대 하 고 있 습니다 ! !
positive	가죽 이 부드러워 요 싸 게 사 서 좋 네요
negative	UI 가 너무 복잡 해서 직관 적 이 지 않 고 너무 많 은 것 을 넣 으려다 보 니 심하 게 버벅 거린다 . .. 더 사양 안 좋 은 폰 에서 는 돌아갈 수 있 나 의심 됨 . for you 브랜드 같 은 건 없 앴 음 좋 겠 다 . 오래 클릭 해서 장바구니 로 보내 는 것 도 직관 적 이 지 않 고 찜 버튼 이 아니 라 장바구니 버튼 이 제 일 위 에 있 어야 하 지 않 나 싶 음 . 아무튼 과유불급 + 정말 너무 느리 고 버벅 대 서 빡 친다 . .. 물건 이 많 아서 어쩔 수 없이 쓰 는데 진짜 짜증 ㅋㅋㅋ 기능 좀 빼 라
negative	더럽 게 복잡 하 네
positive	쥬 우 ~~~ 타 ^^!
positive	최고 네요
negative	올 때 마다 똥 씹 은 얼굴 로 와서 반말 찍찍 하 고 씅내고 가네 대치동 배달 하 는 시라소니 닮 은 사람 고객 센터 연락 해야 하나 볼 때 마다 가분 나뻐
negative	제 가 제 돈 내 고 욕먹 어야 하 나요 ;; " 왜 배달 을 시키 냐 씨발 년 " 이러 시 면서 가 시 네요 . 서비스 대단 합니다 .
positive	편리 한 거 같 아서 좋 은데요
positive	쓱 페이 말 고 도 좀 더 간편 하 게 만들 수 있 지 않 았 을까 싶 네요 .
positive	빠른 배송 과 좋 은 제품 들 을 배송 받 을 수 있 게 해 주 셔서 감사 합니다 : )
positive	어 플 에서 주문 하 기 도 편하 고 배송 도 빨라서 좋 아요 . ..
positive	주문 하 기 정말 간편 하 고 좋 습니다 ~^
positive	최고
negative	꺼져 !
negative	진짜 너무 별로 임
negative	친정 와서 아기 분유 가 똑 떨어져서 사러가 려니 미세먼지 도 너무 심하 고 시간 이 없 어서 큰일 ㅇ다했는데 당일 에 배달 되 는 쓱 배 송덕 에 살 았 어요 . 분유 주문 했 더니 아기 배려 해서 문 앞 에 두 시 고 문자 주 시 는 센스 까지 . 감동 입니다 .
negative	여성 정장 세트 를 검색 했 는데 남성 정장 , 캐주얼 제품 이 같이 검색 되 고 , 결국 원 하 는 상품 을 보 기 위해서 한참 스크롤 해야 볼 수 가 있 네요
negative	폰 으로 사용 할땐 다 좋 은데 패드 로 사용 하 려면 폰 사이즈 로 나오 네요 . ..
positive	지 마켓 옥션 자주 이용 하 는 데 쿠폰 적용 이 많 고 쿠폰 을 많이 뿌려서 자주 이용중 ssg 도 쿠폰 자주 뿌렸 음 하 네요
positive	훌륭 합니다
negative	개 쓰레 . ....
positive	편리 한 장보기 기능 빠른 당일 배송 너무 좋 습니다
positive	간단 하 게 콕콕 체크 하 고 결제 하 고 좋 아요
positive	쵝오에영 가격 깡패
positive	오 베리 굿
negative	품절 된 제품 을 구매 하 게 해 놓 코 배송 문의 하 면 없 다고 취소 하 라고 함
positive	찾 고 있 던 제품 을 구매 할 수 있 어서 좋 았 어요 배송 도 엄청 빨랐 구요 너무 좋 아요
positive	모바일 앱 이 통합 되 어 있 어서 사용 이 편리 해졌 어요 . 자주 애용 할게요 ^^
negative	하나 들어가 려면 통해서 가 는 창 이 너무 많 아요 좀 더 간결 하 고 깔끔 하 면 좋 겠 어요
negative	조금 불편 해요
positive	오케이
positive	굿
positive	좋 아요 ㅡ
negative	♡ 같 네 쿠폰 준다기 에 한 번 다운 받 았 는데 결제 겁 네 힘드 네 . 정보 는 쪽 빨아먹 고 ㄲㅈ
positive	빠르 게 집 앞 배송 해 주 는 오 반장 쓱 배송 덕분 에 요즘 편하 게 쇼핑 하 고 있 어요 ~ 매장 행사 기획 전도 동일 하 게 행사 오픈 되 면 더 좋 을 것 같 아요 ~
positive	멋 저 요
positive	너무 편하 고 좋 아요 ~~^^
positive	좀 재미 였 요
positive	좋 아요
positive	한 번 에 배달 마음 에 쏙
positive	기존 에 이마트 몰 어 플로 3 년 넘 게 주문 하 다 오늘 ! ! SSG . Com 어 플로 처음 구매 해 봤 네요 몰 에서 검색 안 되 던 물건 이 쓱 엔 있 더라구요 ~ 생필품 이나 장거리 장보기 엔 몰 이 아직 편한데 쓱 어 플 에 몰 이 포함 된 개념 인 줄 로 만 알 았 는데 가격 이 달라서 요 ~ 할인 율 이 다른 거 같 기 도 하 네요 ~~ 적응 해 보 겠 습니다 ~~ 혜택 만 더 있 다면 요 ^^
negative	카카오 페이지 땜 에 깔 았 는데 캐 쉬 안 줌 . 깔 지 마세요
positive	아주 좋 은 정보 공유 할 수 있 도록 함께 즐겨 보 아요
positive	많 은 도움 이 되 겠 네요
negative	진짜 너무 별 롭 니다 . 별로 인 것 도 모자라 쓰 고 싶 지 도 않 네요 . 결제 확인 도 안 되 어서 4 번 을 반복 했 는데 계속 결제 가 안 되 어서 결국 다른 곳 에서 사 야 하 네요 . 정말 최악 입니다 .
positive	생각 보다 너무 이뻐요 앙증맞 은 사이즈 에 아까워 사용 못 할 수 도 있 겠 지만 크리스마스 분위기 를 연출 해 줘서 감각 적 인 디자인 에 박수 를 보내 요 👍
negative	결제 방법 이 실시간 계좌 이체 불편 하 네요 . 어 플 깔 아야 되 고 복잡 해요 .
positive	아 기분 유압 타밀 때문 에 이용 해요 좋 아요
positive	굿 ! !
positive	좋 아요
positive	편리 합니다
positive	Very good
positive	헬로 펫 때문 에 깔 았 다 지웠 습니다 죄송 합니다 그리고 고맙 습니다
positive	넘 나 편해요 ! 이거 진짜 편리 하 네요 . 이제 폰 만 으로 도 주문 완료 !
positive	자 * 남녀 때문 에 와 써요 ~~
negative	토레 타 가 좋 다 ~ 랄라 랄랄라 랄랄라 !
positive	상품 검색 을 다양 하 게 할 수 있 어 좋 았 습니다 .
positive	자주 먹 는 식품 주문 할 때 매우 유용 해요
positive	잘 만 듬
positive	삭제
positive	쓰 싹 쓰 삭 소삭 시 쓱 쓱 시 소사
positive	필요 한 걸 추천 해 주 고 알려줌
positive	하오 ~
positive	좋 아요
negative	집 에 휴 스톰 물걸레 사 서 써 보 구 넘 좋 아서 엄마 도 주문 해 드 렷 어요 ^^
positive	굳
positive	완전 대박 대박 좋 아요 . 표시 를 할 것 같 습니다 . 그리고 그 속 에서 진행 됐 다 . 이날 방송 에서 멤버 들 은 각자 맡 은 배우 겸 가수 비 오 는 날 .
positive	한눈 에 보이 게 배치 가 잘 돼 있 어요
positive	자주 쓰 는데 시간 지정 이 잘 되 서 좋 아요 가끔 시간 을 안 지키 시 는 경우 도 있 지만 전체 적 으로 만족 이 요
positive	앞 으로 자주 이용 할려고 합니다
negative	매장 에서 구매 한 재품 이 여기 는 없 어서 다른 거 주문 하 긴 했 어요 매장 과 동일 재품 좀 구비 해 주 세요
positive	더운 여름 집 에서 편하 게 받 아 볼 수 있 어서 너무 좋 아요
positive	만족 합니다 .
positive	좋 아요
positive	나이 쯔
positive	헬로 펫 땜 에 . . ㅎㅎ
positive	잘 사용 할게요
negative	하루 에 도 몇 번 씩 들어가 서 물건 보 고 가격 보 고 . . 아주 가끔 강제 종료 되 긴 하 지만 ssg 만한 게 없 어요 .
positive	명절 이 라 여러 번 실행 하 여 됐 지만 편리 하 게 잘 이용 합니다
positive	배송 짱
positive	감사 합니다
negative	좀 어렵 네여
negative	카 0 오페 이 0 땜 에 옴
negative	앱 이 자꾸 꺼져 요 그냥 뚝 . . 꺼져 버려요 그리고 솔 팅 이 다 단순 해져버려서 쇼핑 이 불편 해졌 어요 아기 옷 사 는데 최소한 의 남아 / 여아 조 차
positive	저 같 은 귀차 니스트 들 에게 추 쳔 ! 여러 곳 들 를 필요 없이 믿 고 씁니다 ^^
positive	편하 게 쇼핑 할 수 있 어 좋 네요
positive	좋 아요 .
negative	한 번 사용 한 후 부턴 앱 으로 만 결제 하 네요 ㅋㅋ
positive	상품권 도 쓸 수 있 고 편리 하 고 좋 네요
positive	아쥬 저렴 하 게 잘 샀 어요 ㅡㅡ
positive	굿 ~^^
negative	카카오톡 페이즈 때문 에 한 거 , 운 삔 부계
positive	다양 한 상품 과 원 하 는 시간 쓱 배송 까지 편리 하 게 이용 할 수 있 어서 너무 좋 아요
negative	할인 하 는 제품 등 이 한눈 에 딱 ! 들어오 지 않 아서 힘들 어요
negative	매주 일요일 저녁 쓱 주문 하 면 월요일 저녁 ㅆ 배달
positive	잘 사용 하 고 있 어요 ~~
negative	다운로드 가 않되 여
positive	마음 깊이 품 었 던 카메라 를 소장 하 게 되 었 네요 저렴 하 게 구입 할 수 있 어서 감사 드립니다 잘 쓰 겠 습니다 .
positive	입고 가 안 되 어서 많이 기다렸 어요 지금 이나마 구입 을 해서 좋 아요
negative	가격 은 최저가 에 사 서 기분 이 나쁘 지 않 으나 왜 쓱 머니 랑 연동 이 안 되 어 있 는 건가요 ? 연동 이 안 되 었 다 쳐도 연동 하 는 과정 이 매번 들어가 서 패스워드 를 입력 해야 하 는데 패스워드 를 하나 치 고 누르 고 반복 하 더라구요
negative	이 앱 덕분 에 닥터 파베 프리미엄 배 게 를 싸 게 샀어요
positive	굿
negative	카카오 페이지 때문 에 한 거 다
positive	내 손 안 에서 백화점 을 가 고 마트 를 가 고 , 안 전하 게 결제 도 하 고 쇼핑 이 즐겁 고 다양 해 졌어요 ^^
negative	설명 을 쉽 게 부탁 합니다
positive	좋 아요 좋 아요 좋 아요
negative	뭐 죠 . . 설치 를 하 고 별루 여서 지 웟는데 지워 졋으나 창 에 계속 제거 중 이 라도 뜨 네요 . .. 이런 거 싫 어 하 는 데 어떻 게 하 나요 . .
positive	굿
negative	광고 알림 푸쉬 를 받 아서 누르 면 앱 이 실행 되 는데 , 그때 마다 ssg 계열 브랜드 스 플 래쉬 화면 이 뜨 는 게 과도 합니다 . 느리 기 도 하 고요 . 할인 광고 노티 누르 면 상품 페이지 바로 바로 뜨 도록 개선 해 주 세요
positive	디자인 도 예쁘 고 구독 력 도 좋 으면서 편리 합니다 .
positive	광고 로 만 접했 고 직접 구매 해 보 지 않 았 는데 첨 구매 해 보 니 정품 들 을 가장 저렴 한 가격 에 구매 했 어요 너무 뿌듯 합니다 ! !
negative	진짜 할인 이나 얼마나 해 준다고 욕 나오 네 . . 날 더워서 안 나갈려고 했 다 . . 마트 배달 로 아침 부터 열받 긴 처음 카드 결제 가 이렇게 힘들 줄 이 야 . .
positive	전반 적 으로 괜찮 아요 ^^
positive	역시 쓱 보 기 좋 고 젛아요
negative	확대 보 기 가 있 으면 좋 겠 네요
positive	그러나 택배 사 가 한진 인 것 이 너무 마음 에 안 드 네요 ㅠㅠ CJ 이 였 음 좋 겠 습니다 그래도 상담원 도 친절 하 고 너무 좋 아요 ^^
positive	좋 긴 좋 은데 이벤트 가 좀 . ....
positive	그런대로 갠 찮은 데 . .
positive	굿 굿
negative	저 랑 안 맞 아요 ^ 3 ^
positive	좋 아요
positive	조 하나 앙 영
negative	지금 이 리뷰 쓰 는 시간 이 아깝 . 별 하나 조 차 아깝 .
negative	안 좋 아요
positive	가볍 고 좋 아요 잘 만들 었 습니다 .
negative	너무 불편 하 고 인터넷 하 고 너무 달라요
positive	주문 하 기 편리 하 고 검색 도 빠르 며 좋 아요 ~
positive	👍
positive	카테고리 가 한눈 에 쏙 ~~~ 들어오 네요 검색 ( 초성 찾 기 ) 너무 쉬워서 시간 순삭 ! !! 앞 으로 오프라인 매장 안 가 도 필요 한 제품 손쉽 게 구매 할 수 있 겠 어요 감사 합니다
negative	아이폰 으로 만지 는데 화면 컨트롤 좀 힘 듬 확인 버튼 이 가려져서 나오 는 등 이상 한 점 들 이 있 음
positive	생리대 를 저렴 하 게 사 서 너무 좋 아요 ㅎㅎ
positive	좋 은 정보 많이 주세요 감사 합니다
negative	그럼 즐기 세요
negative	앱 이 맘 에 들 지 않 네요
positive	헬로 펫 때문 에 깜 ㅋㅋ ㅋㅋ . .........
positive	편리 해요
negative	맘 에 안 들 어요
positive	카 느 만들 면 3 만 원 쿠폰 준다 더니 못 쓰 는 쿠폰 을 줌
positive	배송 이 빠르 고 상품 이 믿 을 만 함
negative	할인 이 라거나 다른 부분 은 괜찮 으나 품절 기재 가 되 어 있 지 않 아서 두 번 이나 강제 주문 취소 됐 습니다 . 시간 낭비 만 한 것 같 아요
positive	워킹 맘 에게 좋 습니다 항상 잘 이용 하 고 있 어요
positive	굳 . .. 좋 아요
negative	걍 기억 조작 톡 땜 에 깔 았 는데 뭔지 모르 겠 음
negative	님 들 헬로 펫 땜 에 깔 았 다고 하 지 마세요 . 적어도 사람 이 면 다른 사람 의 기분 좀 해아리 고 말 해 주 시 죠 .
negative	행사 상품 내용 공유 부족
positive	오류 도 없 고 사용 하 기 편리 해서 항상 잘 이용 합니다 .
positive	자주 사용 하 는 중 입니다 .
negative	쿠폰 왜 다 달라요 ?
positive	왁 싱 바버 굿 굿
positive	좋 은 갓 같 네요 .
positive	좋 아요 유용 하 게 사용 하 겠 습니다
positive	좋 아요 ! !!!!
negative	구수 구수 ㅜ굿
positive	😡😡😡😡😡😡😡
negative	글씨 가 작 아 글씨 보 기 가 힘 듬 상품 자세 이 보 려면 글씨 가 커야 자세 이 이해 하 는 데 글씨 가 너무 작 네요 돋보기 쓰 고 확대경 이 리니 앱 에서 삭제 제거 하 고 나간다 .
positive	이쁜 이불 저렴 하 게 구매 했 어요 ! ! 감사 ! !
positive	여러 행사 로 싸 게 잘 샀어요
negative	지문 은 안 되 고 결제 도 다 꾸 팅 겨 요 ㅠㅠ
positive	쓱 맘 에 들 어요
negative	캐시 왜 안 주 나 욤
positive	첨 에 헬로 펫 땜 에 깔 았 는데 진짜 저 아요 !
positive	안녕 하 세요 . SSG . COM 입니다 .
positive	온라인 쇼핑 다른 사이트 비해 가격 이 좀 비싼 듯 합니다
positive	쓱 배송 정말 빠르 네요
negative	이것저것 장바 니 에 담 고 결제 하 려다 보 니 이마트 몰 에서 도 뭐 가 나눠져 있 어서 택배 비 가 따로따로 되 네요 여기 사이트 에서 사면 통합 되 서 배 송료 를 한 번 만 청구 하 면 좋 겠 어요
negative	카카오 페이지
positive	굿
negative	체육 고등학교 ㅠㅠ 정답 지 사고 만 다 ㄹ ㅇ
positive	감사 합니다 ~~ 계속 믿 고 주문 할 마음 이 생겼 읍니다
positive	너무 편하 고 좋 아요 ~~!!
negative	처 가 집 리모 델 링 기념 으로 오래 된 통돌 이 버리 고 세탁기 사신다 기 에 세탁기 , 수납 선반 , 배관 연장 까지 풀 셋 트 로 해 드렸 네요 ~ 아 , 액체 세제 까지 ~^^ 우선 기존 통돌 이 공간 에 들어가 는 세탁기 가 없 어서 위치 를 변경 을 해야 했 고 급수 라인 을 맞은편 으로 옮겼 습니다 ~ 원래 짐 을 정리 하 던 곳 을 사용 하 지 못하 기 에 드럼 세탁기 윗 쪽 에 수납 할 수 있 도록 수납장 도 사이즈 에 맞 게 주문 하 려 설치 하 고 세탁기 가 왔 습니다 ~
positive	좋 아
positive	ㅡ냥본인이가입해봐남에글신경쓰지말구
negative	쓱 머니 전환 도 안 됨 엄청 시간 낭비 왕 짜증
positive	짱
positive	쇼핑 엡 중 가장 체계 적 이 고 편리 합니다
negative	팝업 광고 닫 기 없앤 거 네 개발자 인성
positive	굿
positive	정확 해서 맘 에 듬
positive	편리 하 네요
positive	굳
positive	좋 으 네요
negative	않 좋 아요 ㅠㅠ
negative	다른 건 다 좋 은데 현재 이마트 하월곡 점 은 일요일 은 배송 이 안 되 던데 토요일 저녁 에 주문 할 경우 월요일 까지 기다려야 하 는데 이 부분 에 대한 개선 검토 를 부탁드립니다
positive	방송 보 며 결제 했 어요 ~ 보 기 만 해도 청소 가 될 것 같 은 시원 한 기분 ~^^ 제품 받 기 전 부터 기대 되 네요 ^^
negative	쇼핑 하 기 너무 편한 앱 ! !!
positive	좋 다구요
positive	굿 굿 ! !!
positive	간단 하 고 ~ 빠른 배송
positive	예전 보다 통합 이 되 어 있 어서 주문 결제 가 정말 편리 하 네요 . 쿠폰 할인 은 많 은데 막상 결제 하 려면 적용 안 되 는 게 많 아요 . 쓱 배송 이 있 어서 자주 사용 할 것 같 습니다 ~
positive	최고 ! !
negative	일반 상품권 도 전환 부탁 스크래치 만 되 니 불편 함
positive	좋 아요
negative	화이팅 하 세요
negative	좀 정확 햇 으면
positive	좋 아요
positive	이제 시작 해 볼랍니다 .
positive	어 플 기능 좋 습니다 !
negative	마소 땜 에 . .. 일단 바로 지울 꺼 임
negative	SSG money 사용 안 되 네요 ㅡㅡ 본인 인증 하 라는 데 회사 선택 이랑 동의 체크 칸 밖 에 안 떠요 .
positive	최애 돌 때문 에 깔 았 는데 좋 네요
positive	늘 편리 하 게 언제 어디 서 나 간편 하 게 쇼핑 합니다
positive	세 어 플 서로 연결 되 있 어서 편해요 좋 아요 ㅎㅎ
positive	편리 하 고 좋 아요
positive	되게 좋 아요 ! 굿 굿
positive	헬 펫 때문 에 깔 았 어요
negative	오늘 가입
positive	개 좋 은데 ?
negative	메롱
positive	전체 적 으로 편리 함
negative	별로
positive	결제 하 기 편리 하 게 되 어 있 어 좋 아요
negative	너무 자주 꺼지 네요
negative	카카오 페이지
positive	좋 네요
positive	산만
positive	헬 팻
negative	SSG 앱 이 처음 나왔 을 때 부터 쭉 사용 해 온 유저 입니다 ! 요즘 은 광고 를 통해서 더 많 은 사람 들 이 사용 하 게 된 거 같 아요 . 그런데 초창기 때 는 다른 백화점 앱 에 는 없 는 다양 한 브랜드 를 볼 수 있 어 좋 았 는데 그 후 로 는 리뉴 얼 이 잘 안 되 어서 점차 오래 된 느낌 이 들 어요 . . 옷 종류 는 다른 어 플 로 갈아타 게 되 고 , 이마트 구매 를 위해서 만 사용 하 게 되 네요 ~
negative	너무 잘 멈추 고 오류 가 많이 나 네요 참고 로 아이폰 7 입니다 . ..
positive	^^ 앱 편해서 좋 아요
negative	카 * 페 * 땜 에 옴
negative	헬로 펫 땜 에 함 . ..
positive	굿 ! ! ! ! ! ! ! ! ! ! ! ! ! ! ! ! ! !!!!!!!!!!!!!!!!!!!!!!!!,
positive	저렴 한 가격 -- 풍성 한 할인 혜택 감사 합니다 .
positive	개선 시급 사용 자 입장 에서 개선 하 도록
positive	저 도 헬로 펫 때문 에 했 어요 ^^
positive	기억 조작 톡 ~
positive	좋 아요 편해요
positive	아주 좋 아요
positive	원래 잘 사용 안 하 다 요즘 사용 하 는데 ㅎㅎㅎ 은근 쇼핑 이 늘 었 습니다 .
positive	좋 아요
positive	캐시 워크 ~~~
positive	안녕 하 세요 교수 님
positive	좋 아요 추천 합니다 좋아요 추천 합니다 좋아요 추천 합니다 좋아요 추천 합니다
positive	광고 로 만 보 다가 처음 써 보 는 앱 인데 정말 보 기 편하 게 잘 되 있 는 거 같 아서 좋 아요 자주 애용 할 꺼 같 습니다 ~~~
negative	빨 음
negative	헬로 펫 땜 했 다 능
positive	재미있 어다 6 번 박 은 성
negative	마피아 때 매 옴
negative	헬로 펫 이 든 뭐 든 간 에 해 보 지 도 않 고서 낮 은 별점 주 며 뭐 때문 에 깔 았 다고 하 면 기분 좋 겠 어요 ?
negative	초딩 들 아 이거 깔 면서 무슨 앱 때문 에 깔 았 다 하 면서 별점 테러 하 지 말 고 그냥 가 세요
positive	카 카페 ( 카카오 페이 g ) 로 왓 습니다 !
positive	좋 아요
positive	총합 버전 으로 다양 한 쇼핑 이 가능 해서 좋 아요
positive	좋 아요
negative	저 누운 ! 캐시 위크 땜 에 함
negative	헬로 펫 땜 에 했 담 . .
positive	깊 고 풍부 한 크레 모소 커피 땅볼 입니다 .
positive	쓸 만 해요
negative	헬로 펫 땜 에 옴 ㅋㅋ
positive	좋 네요
negative	이걸 원하 는 걸 바로 들어갈 수 없이 한참 찾 고 해야 되 서 불편 해졌 어요 ㅠ 여러 개 를 다운 받 아야 하 는 수고 스러움 은 없 지만 . .
negative	배송 은 매우 편리 하 고 정확 하 지만 과일 , 야채 의 신선도 가 좀 떨어집니다 .
negative	핼 로 팻 땜 애 함
negative	결론 은 치킨 땜 에 깜
positive	캐시 슬라이드 때문 에 했 음 ^^
positive	카 * 오 * 이 * 때문 에 왔음 ^^
negative	헬로 펫 땜 에 함
positive	감사 합니다
positive	너무 재미있 어요
negative	이 어 플 깔 고 부터 전화 번호 따 인 거 아니 냐고 스팸 전화 라고 뜬다고 그러 는데 뭐 죠 ? 유출 된 거 같 은데 어 플 권한 때문 인가 카카오 페이지 광고 캐시 받 으려고 에 깔 앗 는데 . . 깔 지 마세요
positive	최고 입니다 . ^^
negative	잘 모르 겟 어요 ㅜ
negative	겜 돈 때문 에
negative	검색 할 때 등장 하 는 상세 옵션 에서 18 개 이상 필터링 적용 했 을 때 앱 이 죽 습니다 . 또한 상세 옵션 버튼 이 검색 바 와 너무 떨어져 위치 해 있 고 , 검색 결과 화면 과 똑같 은 하얀색 컬러 라 처음 에 상세 옵션 버튼 의 존재 를 인지 하 기 어려운 것 같 습니다 .
negative	간만에 접속 했 는데 앱 업데이트 공지 가 떠 있 어서 들어갔 는데 업데이트 가 안 되 요 . . ios 9 버전 쓰 는 데 어떻하 란 거 죠 ! ?
positive	좋 아요
positive	좋 아요
positive	ㅇㅅㅇㄹㄴ솔고라로로 2 라 삿 ㅁ ㄹ 낙 ㅁ ㄹ ㅇ곰ㅁㄴ
negative	대 애 애 애박 ! 이렇게 간단 한 앱 이 있 낭
negative	메롱
positive	고마워요
positive	쿠폰 도 많 고 할인 도 많이 되 는 거 같 아서 좋 아요
positive	좋 아유
positive	좋 아요
positive	Good
positive	굿
positive	첨 엔 어떻게 하 는 건가 헷갈렸 는데 사용 해 보 니 편합니다 특히 . 상품권 을 사 러 갈 . 시간 이 부족 한 저 의 일과 에서 봤 을 때 넘 편하 게 주문 결제 되 어 . 좋 습니다
positive	보 는 재미 도 있 고 가격 도 잡 고 마음 도 잡 다 ~. 현란 한 마케팅 질려서 한동안 인터넷 쇼핑 안 했 는데 담백 하 고 부드럽 게 넘길수록 짜임새 돋보이 는 둣 응원 합니다
negative	별로
negative	앱 처음 실행 시 로딩 이 너무 걸리 네요 쇼핑몰 은 속도 가 생명 인데 계열 브랜드 를 다 보여 주 다가 다른 편리 한 쇼핑몰 로 다 소비자 놓 칩니다
negative	앱 너무 느려서 폰 뚜 드 러 깨부수 고 싶 음 - s 9 + 256 그리고 어 플 느려 터진 주제 에 상단 바 에 노출 되 는 거 보 고 두 번 빡 치 네 ssgpay 어 플 후기 를 여기 다가 적 었 네 너 도 써 보 진 않 았 지만 다르 지 않 을 거 라고 확신 한다
positive	감사 합니다 ^^ 행복 하 세요 ♡
negative	홈피 구성 이 다양 해서 지루 하 지 않 고 , 쇼핑 하 는 즐거움 이 느껴져요 .
positive	다양 한 결재 를 선택 할 수 있 어서 좋 아요 ~~
positive	아주 편하 고 좋 아요 !
positive	^^
positive	자주 들어올 것 같 네요
negative	띠 용
negative	짤 포인트 용 64 원 개꿀
negative	신세계 상품권 으로 구입 하 기 가 정말 힘드 네요 ㅜㅜ
positive	만족 합니다 재 구 먀 여부 는 사용 해 보거 생각 해봐야 겟 어요 !
positive	필요 한 게 한 번 에 볼 수 있 어서 . 넘 조아 요
negative	쓱 배송 없 었 으면 어쩔 뻔 . .
negative	나이스
negative	광고 보다 는 정말 가 성비 좋 은 상품 으로 정렬 했 으면 좋 겠 어요
positive	굿 이 에요
positive	Good
positive	굿
positive	걍조아요
positive	집 에서 이마트 할 수 조 타아 ^♡^
negative	좀 . .......
positive	걍 좋 음
positive	첨 들어와서 어리둥절
positive	감사 합니다
negative	주문서 배송 받 는 정보 중 구취 인 이름 이나 전화 번호 둥 일부 를 바꿀 수 있 으면 편하 겠 습니다 .
positive	편하 고 좋 네요 ㅎㅎㅎ
negative	뭔 앱 이 접속 도 안 되 냐 ㅋㅋㅋ ㅋㅋㅋ
positive	여러 가지 로 요용 한 정보 와 재미 가 있 는 것
positive	좋 아요
positive	ㅆ mfprl
negative	광고 좀 그만 해 ㅁ ㄸ놈들아 . ...
positive	조 와 여
positive	굿
positive	Good
positive	장보기 가 간편 해졌 네요 ~! 할인 도 되 고 좋 아요
negative	문구 가 너무 오래 뜨 는 거 같 아요 원래 앱 이 더 편리 했 던 것 같 아요 .
negative	넘 쓰레 긴 듯 . .;
positive	좋 아요
positive	전기요 가 필요 해서 처음 온라인 으로 주문 했 어요 . 사진 과 설명 만 보 고 주문 하 는 건데 . . 생각 보다 쉽 고 간편 하 게 되 네요 . 받 을 상품 도 기대 됩니다 .
positive	최고 네 여
positive	ㄷ ㄴ ㄷ ㄴ ㄷ ㅅ 드
negative	짤 땜 에 하 긴 했 는데 잘 모르 겠 음
negative	엄청 버벅거리 는 프로그램 . 타 쇼핑몰 과 비교 하 면 아직 멀 었 고 . 오류 도 많 음
positive	배송 빠르 고 품질 좋 고 무엇 보다 도 가격 이 저렴 해서 매우 만족 합니다 주위 에 적극 적 으로 추천 드립니다
positive	쿠폰 이나 적립금 같 은 걸 많이 주 면 더 자주 이용 하 게 될 거 같 아요 ~
positive	너무 편하 고 싸 게 살 수 있 어서 좋 네요
positive	좋 아요
positive	더 보이스 에서 깔 면 5100 코인 줌
positive	사용 용 이 합니다 .
positive	앱 이 안정 적 이 에요 조금 만 시간 지나 면 메인 페이지 로 돌아가 는데 그만큼 보안 이 좋 다는 거 겠 죠 . . 쇼핑 이 쉽 고 편해요 쿠폰 이나 할인 안내 도 잘 되 어 있 어요
positive	매번 간편 하 게 이용 중 입니다 ~
positive	편하 고 좋 아요 . 시스템 이 직관 적 이 네요
negative	면접 의 폭 이 좁음
negative	평점 잘못 함 별로
negative	별로
positive	ㅋㅋ 좋 아
positive	좋 은 곳 이 네요 . 자주 이용 할게요
positive	정말 좋 아요
positive	좋 아요
positive	엄청 좋 은 것 같 네요 ^^
negative	처음 엔 좀 되 다가 요 근래 계속 무슨 접속 에러 ? 뜨 면서 재시 도 하 면 재시 도 하 지 도 않 고 똑같 은 창 뜨 고 종료 했 다가 다시 켜 도 똑같 고 . . 심지어 재부 팅후 에 도 똑같 음 . . 로그인 도 이마트 껀 안 돼서 슥 닷컴 앱 으로 했 는데 진짜 정내 미 떨어지 네
positive	아들 런닝 화 로 최고 입니다 ~~
positive	가격 대비 좋 아요
positive	짱
positive	좋 아요
positive	사용 하 기 편리 하 고 쉽 고 좋 습니다 ~~ 결제 하 기 도 편하 고 , 쓱 배송 만 따로 볼 수 있 어서 편리 합니다 .
positive	좋 습니다 굿 굿
negative	예전 부터 신세계 계열 온라인 쇼핑몰 은 이용 함 에 있 어서 소비자 를 배려 하 지 못하 는 주먹구구식 운영 으로 늘 욕먹 어 오 고 지금 도 크 게 개선 된 건 없 는 듯 하 다 . SSG PAY 를 야심 차 게 출시 했으나 오프라인 신세계 백화점 에서 는 전용 단말기 가 고장나 면 결제 도 안 되 고 , 직원 들 조차 페이 에 대한 정확 한 개념 이 없 어서 제대로 안 내 도 못한다 , 게다가 온라인 쇼핑 중 에 페이 사 은 행사 에 대해 고객 센타 에 문의 하 면 그건 잘 모르 겠 다고 한다 , 모르 면 해당 부서 담당자 에게 문의 해서 고객 이 이해 할 수 있 도록 안내 하 는 것 이 고객 센터 의 업무 가 아닌지 ? 무조건 내 가 모르 는 건 우리 부서 소관 이 아니 라며 전혀 진심 이 느껴 지 지 않 는 도움 을 못 드려 죄송 하 다는 앵무새 같 은 말 만 반복 하 는 안일 한 태도 로 미루 어 보 아 CS 팀 교육 이 제대로 이루어지 지 않 고 있 는 듯 하 다 . 처음 SSG PAY 로 온라인 결제 를 시도 하 려는 고객 을 위해 시뮬레이션 프로그램 이나 안내 섹션 을 만들 것 을 강력히 제안 한다 . 그리고 SSG PAY 사이트 혹은 앱 과 SSG . COM 이 연동 되 어야 행사 내용 에 대해서 도 제대로 숙지 할 수 있 고 고객 입장 에서 오해 도 발생 하 지 않 을 것 같 다 .
negative	ㅁ 니 멋대로 앱 연결 좀 하 지 마 기분 나쁘 니까
negative	네이버 아이디 로 로그인 을 하 는 사용 자 입니다 . 쓱 어 플 을 켤 때 마다 자동 로그인 이 안 돼 있 어서 장바구니 담 거나 결제 할 때 마다 네이버 로그인 을 눌러야 하 는 불편 이 있 습니다 . 편하 게 구매 하 려고 사용 하 는 어 플 인데 불편 하 고 귀찮 아요 !
positive	타 쇼핑몰 보다 제품 종류 가 많 아서 , 다양 하 게 선택 이 가능 해 좋 습니다 ~
negative	재고 없 으면 없 다고 올려 놓 던가 주문 만 3 번 째 이번 에 도 재고 확보 하 겠 다고 하 는데 무슨 소비자 를 똥 으로 아 는지 . . 물량 도 제대로 확인 안 되 는데 무슨 어 플 을 만들 어서 판매 하 고 있 는 건지
negative	직관 적 이 고 사용 하 기 편합니다 . 그런데 검색 하 다가 잠시 다른 앱 실행 하 다 돌아오 면 다시 ssg 메인 화면 으로 돌아오 네요 . 대기 모드 로 들어갔 다가 돌아오 면 메인 화면 으로 돌아오 는 것 같 아요 . 그래서 검색 하 면서 필터 걸 어둔 거 다시 다 설정 해서 찾 아 봐야 해서 쇼핑 을 포기 하 게 될 때 도 종종 있 네요 ;;
negative	핼 로 팻 때문 에 설치 함 근데 뭐 가 뭔지 모르 겟 다
negative	지금 까지 이런 일 이 없 었 는데 오늘 오랜만 에 앱 열 고 선물 검색 하 는 데 일정 시간 이 지나 면 자꾸 앱 이 종료 됩니다 . 자꾸 반복 되 니 너무 짜증 나 네요 . 빠른 시정 부탁 합니다 .
negative	대 기업 쇼핑몰 이 라 믿 음 갖 고 구매 하 였 지만 Q & A 등록 시 고객 센터 로 전화 하 라는 컨트롤 A C 같 은 답변 만 달 아 놓 음
positive	한 번 써 보 게 슴다
positive	백화점 에서 설명 듣 고 온라인 에서 충분 한 기본 툴 사양 으로 저렴 한 가격 에 잘 구입 했 어요 .
negative	결재 머 이리 빡새 냐 설치 하 라고 하 는 것 도 많 고 지저분 하 고 물건 하나 사 는 데 40 분 걸 렷 다 진짜 엄청 불편 해서 안 사 려다가 마지막 에 오류 없 어 져서 삿 다 . . 근래 들 어 가장 최악 의 결재 다
negative	이마트 앱 하 고 통일 하 던지 쓸데없이 겹친다는 니 낌 ?
negative	노 답 . .... 노 답 . ....
positive	원 하 는 시간 에 원하 는 물건 이 원 하 는 곳 으로 배송 되 어 너무 좋 아요
positive	색 도 이쁘 고 너무 좋 습니다 강추
negative	어 . . 출석 확인 은 어떠 케 해 욤 ? ?
negative	아니 무슨 삭제 하 면 다시 설치 하 라고 함 ? 최악 의 앱 ㅗ
positive	앱 사용 이 편하 고 좋 습니다 . 현대 카드 포인트 사용 이벤트 도 넘 좋 아요 ! !
negative	결제 시스템 진짜 짜증 나요 상품권 연동 이랑 아이폰 에서 이것저것 튕기 고 아 도데체 결제 한번 하 는데 몇 분 이 걸리 는 거 에 여
negative	제 가 신세계 에 아이디 가 두 개 가 있 나 봅니다 이제 알 게 되 었 네요 웹 자동 로그인 이 되 어 있 다 보 니까 . . 이번 어 플 이 아닌 온라인 검색 중 제품 을 구매 하 게 되 어 주문 내역 이 조회 가 되 지 않 아 의아 해 하 건 중 에
positive	편하 고 좋 네요 ㅎㅎ 몰 이동 도 편하 고 보 기 가 좋 아요 ㅎㅎ
negative	..........
negative	빡 침
positive	직접 마트 가 는 것 보다 좋 아요 ~
positive	신세계 답 게 새로운 쇼핑 의 신세계 네 여 ^^
positive	좋 아요
positive	.
positive	굿 굿
positive	한꺼번에 쇼핑 할 수 있 어 편합니다 ~
positive	스타 벅스 상품권 너무 좋 아요 ~
positive	고품격 브랜드 , 품질 좋 은 제품 등 믿 고 구매 하 는 SSG ! 모든 신세계 계열 포인트 합산 도 최고 👍🏻👍🏻
negative	캐시 는 어떻게 받 는 거 죠 ? ?
positive	잘 쓰 고 있 습니다 . 다만 다른 어 플 을 잠 깜 사용 하 다 다시 들어오 면 메인 페이지 로 바뀌 는 것 만 없 어 지 면 참 좋 겠 습니다 .
negative	... 개 별로 . .
positive	괜찮 은 것 같 아요 ^^
positive	쓸 수 있 는 다양 한 쿠폰 좀 주세요 ~ 주말 쿠폰 시간 대 쿠폰 같 은 . ....
positive	짱 편리 해요
positive	이벤트 참여 했 다
negative	딱히 할 말 이 없 네요
positive	최고
positive	👍
negative	결제 가 너무 쉬워서 무서울 정도 입니다
positive	짱 좋 음
positive	편리 한 쇼핑 , 빠른 배송 , 할인 까지 덤 으로 받 으니 행복 합니다 ~
negative	ssg 이마트 사 려는데 쿠폰 적용 어디 서 해요 ?
negative	결재 하 기 가 지랄같 네
positive	젤 조 은 앱
positive	편리 한 쇼핑 굿
negative	헤 헷 카카 로 페이지 캐쉬 받 고 지워야 지
positive	좋 아요
positive	이런 거 잘 않쓰 는데 넘 편하 구 할인 두 많 구 해서 자주 이 용합 니 당
positive	다양 한 할인 쿠폰 이 있 었 으면 좋 겠 네요
negative	맘 에 드 는 상품 을 충분히 확보 하 시 길 바람 주문 결제 했으나 품절 통보 받 음
positive	좋 아영 !
negative	넘치 는 앱 에 스트레스 받 기 도 해유
negative	통합 회원 가입 안 됨
negative	우 . ........
negative	상품 찾 기 불편
negative	로그인 왜 안 되 냐
positive	좋 아요 ㅎㅎㅎ 편해요
positive	할인 쿠폰 , 특가 , 행사 다양 한 혜택 을 ~~ 문자 로 받 을 수 있 어서 저렴 하 게 구매 할 수 있 어요 . 힘들 지 않 게 , 핸 폰 으로 . . 삶 이 편해 지 고 , 행복 해 지 는 어 플 입니다 .
positive	품질 도
negative	걍싫어요 깔 지 마세요
negative	아니 빌로 님 반대 로 비번 은 없 으면 어떻게 보안 이 돼 긴 돼 나 요 로그인 이 많 다는 건 무슨 소리 이 지 ;;
negative	굳이 SSGPAY 만 사용 하 게 만드 네 짜증 나 게
negative	카페 이 지 캐 시충 전함
negative	아직 은 잘 모르 겠 어요
negative	어우 한 시간 동안 개고생 하 다가 결제 포기
positive	굿 굿 굿
positive	좋 아요
positive	재미있 네요
negative	제품 보 기 가 불편 해요
positive	좋 으 네요
positive	괜찮 은 것 같 아요
negative	로그인 이 너무 많 아 모르 고 엄마 폰 계정 을 로그인 해서 내 걸로 바꿀 려니까 비밀 번호 를 입력 하 래 ! 이거 로그인 이 넘 많 아 개인 정보 를 이렇게 많이 하 면 아예 살 수 가 없 어요 어떻게 그럴 수 가 있 어요 ? ㅠㅠ
negative	쓱 배송 위주 로 시키 는데 어떤 제품 이 있 는 건지 잘 모르 겠 어요 딱 필요 한 것 만 사 게 되 서 좋 긴 한데 항상 구매 후 빠트린 게 있 어 다시 마트 를 가 야 하 는 경우 가 있 더라구요 쓱 배송 상품 품목 별 로 라도 검색 할 수 있 게 ㅜ해주세요
positive	짱 이 에여 ! !
positive	편합니다 .
negative	와 마피아 42 에서 설치 만 하 면 10 루나 주 네요 그리고 좀 편해요 별 5 개 주 겠 습니당
negative	이 앱 쓰 지 마 요
positive	짱 좋 음
negative	앱 반응 속도 가 느려서 웹 이 더 편함 앱 이 좋 은 건 자동 로그인 뿐
positive	공효진 짱
negative	이거 방치 하 고 있 습
positive	해외 거주자 인데요 . . 마트 에서 보 고 망설 이 다 못 산 물건 들 . . 사 올 걸 하 고 후회 하 던 중 사이트 에서 바로 살 수 있 어 넘 좋 았 어요 . .
positive	넘 편하 구 좋 아요 ~ 다만 배송 이 좀 더 자주 있 으면 좋 겠 어요 .
positive	좀 더 이벤트 가 있 었 으면 하 는 바램 입니다
positive	요
positive	좋 아요
negative	이 앱 솔직히 카카오 페이지 때문 에 물먹 는 거 임
positive	언제나 좋 은 상품 을 좋 은 가격 에 구매 하 는 듯 하 여 만족 합니다 .
positive	지인 이 면세점 에서 사 준다는 가격 과 큰 차이 없 고 사은품 이 좋 아요
positive	굳 좋 아요
positive	굿
positive	고민 했 는데 후기 와 리뷰 를 통해 결정 . 말 그대로 . 단단 하 고 예쁨 .
positive	적당히 얇 아서 좋 을 듯 합니다 색감 도 진한 그린 이 어 니라 맘 에 들 어요
positive	사용 하 기 편하 네요 . 감사 합니다 .
positive	좋 아
positive	편리 하 고 신속 하 게 쓱 ~~^^
negative	딴 건 모르 겠 고 이놈 에 쿠폰 다운 받 을 때 스크롤 문제 좀 해결 해 주 세요 . 쿠폰 이 뭔지 보 려고 살짝 만 슬라이드 해도 맨 아래 로 쭈욱 내려가 버림 . 이거 왜 이렇게 만든 건가요 ? ? 진짜 열 때 마다 스트레스 장난 아니 네요 . .
positive	보 기 기 . 좋 네 용
negative	이번 에 새로 나온 안드로이드 9 . 0 버전 에서 상품 평작 성 을 완료 할 수 없 습니다 . 업데이트 해 주 세요 .
negative	큼 . ... ㄱ ㅊㄱㅊ하네용
negative	공동 앱 이 좋 은데 계속 다른 앱 도 깔 라고 와서 ㅜㅜ
positive	굿
positive	좀 비 고 무료 가스 를 얻 을려고 설치 했 어요 ^^
negative	사용 이 더 편해졌 어요 . 장바구니 에서 수량 조절 하 면 화면 리셋 없이 수량 변경 만 반영 되 네요 .
positive	앱 사용 하 기 편리 해 좋 아요 . 알림 이 너무 많 은 건 단점 . 휴대폰 사용 하 는 데 신경 쓰여요 .
positive	앱 사용 하 기 편리 하 고 좋 네요
positive	빠르 고 정확 하 고 사용 하 기 편리 하 다
positive	이것 저것 앱 을 다 열 지 않 고 간편 하 게 이동 가능 해서 좋 습니다 .
negative	구매 목록 지워 주 세요 폰 용량 이 없 어서요 ㅠㅠ
negative	카카오 체이 로 연결 하 는 데 겁나 어려움
positive	좋 아요
negative	광고 계속 나오 네
positive	굳
positive	너무 편하 고 좋 아요
positive	좋 아요
negative	설치 중 만 계속 나오 네요 . ...
negative	브랜드 마다 ! !!
negative	그냥 . . 일단 첫 주문
positive	좋 음
positive	쵝오 . ..
positive	빨라요 편해요 근데 품절 이 잦 음
positive	너무 편해요 ~^^
negative	선택 결제
positive	쓱 배송 좋 네요 ~ 시간 도 내 가 원 하 는 시간 에 맞출 수 있 고 배송 출발 과 마지막 도착 몇 분 전 까지 알려 주 니 택배 처럼 부담 스럽 지 않 아요 . 시간 맞춰 오 는 건 정말 좋 네요 . 다만 식품 은 좀 관리 를 해야 하 는 거 아닌가 싶 어요 . 김치 두 박스 주문 했 는데 한 박스 는 너무 익 었 고 한 박스 는 생김치 였 습니다 . 익 은 김치 좋 아 해서 그냥 패스 ~ 처음 쓱 ~ 배송 한 거 치곤 배송 , 맛 맘 에 들 어 종종 주문 하 렵니다 ~
negative	와 이거 뭐 임진 짜개 똥 갔 고 이상 함 깔 지 마
positive	좋 아요
negative	새로 바꾼 폰 에서 계속 로그인 하 거나 장바구니 담 으면 꺼짐 . . 몇 번 을 재 설치 했 는데도
negative	결제 하 기 개 어려움 안 할라 다 꾹 참고 함
positive	저 아용
positive	굿 ~~
negative	저렴 한 물건 들 맘 에 듭니다 상세 검색 에 색상 추가 부탁 해요
positive	빠른 배송 으로 집 에서 받 아 볼 수 있 어서 넘 좋 아용
negative	이 정도 면 ssg 곧 성공 할 듯
negative	쓰 는데 불편 함 은 없 었 음
positive	너무 너무 좋 아요 슥 닷컴 짱
negative	카카오 캐쉬 준다고 해서 설치 했 는데 캐 쉬 안 줌
positive	좋 아요 😁
positive	카드 번호 는 한 번 입력 하 면 저장 되 어 있 으면 좋 갰 어요 매번 카드 번호 확인 하 려면 귀 챦거나 촉박 해서 스킵 하 는 경우 가 대부분 이 네요
positive	백화점 에서 살 수 있 는 제품 들 을 조금 저렴 하 게 살 수 있 어 좋 아요 ^^
positive	편하 고 좋 습니다
positive	쓱 ~~ 하 고 ~ 쓱 ~~ 받 고 ~ 넘 ~~ 좋 아요 ^^
negative	계속 결제 가 안 되 고 주소지 가 없 다고 만 뜨 네요 상담 받 았 더니 상담 사 분 은 본인 은 된다고 하 시 고 안 되 는 원인 을 파악 할 수 없 다고 하 시 니 지 웁 니다 .
negative	초반 에 쓸데없 는 화면 안 나왔 으면 좋 겠 네요 전 보다 로딩 시간 배 로 걸리 는데 답답 함 ㅋㅋㅋ ㅋㅋ 갠 적 으로 전 게 나 은 듯
negative	다양 한 쇼핑몰 이 하나 로 들어와 있 는 건 좋 은데 뭐 가 어디 있 는지 ㅜ익숙해지려면 몇 번 주문 해 봐얄 듯 하 네요
positive	신속 하 네여 ㅋㅋ
negative	SSG 머니 비밀 번호 결재 시 6 자리 를 일일이 박스 선택 하 고 숫자 입력 을 6 번 을 해야 되 서 번거 롭 습니다 . 한 번 에 왜 6 자리 를 입력 하 게 해 주 세요
positive	편리 하 고 좋 습니다 : )^^
negative	하나 의 앱 으로 다 된다면서 이마트 에서 선물 결제 한 걸 꼭 쓱 앱 을 받 아야 수령 이 가능 함 ;; 이럴 거 면 하나 의 앱 으로 다 가능 하 다는 문구 는 왜 넣 어 놨 는지 ;; 선물 결제 과정 도 핵 복잡 함 더 는 쓰 기 싫 을 정도 임
negative	택배 배송 이 너무 많이 나눠 있 어서 여러 번 받 아야 해서 불편 하 니 . . 쓱 배송 과 같이 날짜 를 같이 받 을 수 있 는 기능 선택 있 으면 좋 겠 음 . . 시간 과 관계 없 는 사람 은 한 번 에 받 는 것 이 더 좋 음
negative	제목 이 내용 이 예용
negative	품절 제품 빨리빨리 들여 왔음 더 좋 겠 어여
negative	업데이트 할수록 초기 에 쓸데없 는 화면 이 많 아서 불편 해 지 고 있 네요 . 앱 을 지우 고 싶 을 정도 로 . 고민 중 입니다 .
positive	자주 이용 하 고 있 어요 백화점 , 몰 , 이마트 상품 들 까지 한 번 에 볼 수 있 어 좋 아요
positive	주문 도 간편 하 고 좋 네요
negative	로그인 한 번 하 기 어렵 다 패스 설정 을 이렇 게 못하 나 ? 시작 부터 거지 같 네
positive	하 고 빠르 게 결제 할 수 잇 고 편하 네요
positive	한 번 씩 괜찮 네요
positive	Well categorized / easy look up / simple purchase procedure
negative	클리어 실패 시 뜨 는 와플 모으 기 안내문 이 저번 주먹 이벤트 때 부터 다신 보 지 않 기 에 체크 해도 계속 보이 는데 , 게임 밸런스 다 무시 하 면서 까지 돈 빨아먹 는 짓 에 환장 했 으면 이런 버그 는 빨리 없애 라 . 재 설치 해도 똑같 다 .
positive	저렴 한 가격 , 좋 은 상품 , 빠른 배송 으로 잘 이용 하 고 있 습니다 .
negative	인터넷 으로 구매 하 는 이유 는 실제 구매 품목 을 못 보 더러 도 싼 값 에 구매 하 는 건데 할인 카드 가 다 없 어 졌 내요 , , 아쉽 습니다 . .
negative	아 닠ㅋㅋ카카오캐시 얘기 는 카카오 한테 따지 라고 ㅌㅋㅋ
positive	사용 잘 할 꼐요 ^^
positive	쓱 배송 좋 아요
positive	가끔 씩 아이폰 에서 튕기 지만 전체 적 으로 쓸 만 함
positive	너무나 많 은 사람 들 이 있 곶
negative	이 앱 은 간단 한 말 로 천재 앱 이 라고 말 할 수 있 습니다 ! !
negative	너무 기대 되 용
negative	구매 물건 마다 배 송료 붙이 는 이마트 ! 대단 하 다 !
positive	식 요 품 의 경우 주문 후 매우 신속 하 게 집 까지 배달 되 어 매우 만족 합니다 .
negative	신세계 빠다 ! ! 빠져서 못 헤 어 남
positive	좋 아요 !
positive	굿
positive	좋 은 제품 저렴 하 거 구매 하 고 싶 네요 ~
positive	신세계 몰 에서 애플 정품 을 구입 할 수 있 어서 좋 습니다 ! !
positive	아주 편하 게 이용 중 입니다 ~~
positive	좋 은 상품 저렴 하 게 구매 할 수 있 어 좋 아요
negative	아이폰 앱 한 칸 씩 입력 해야 되 서 불편 하 네요
positive	정말 편하 게 쇼핑 할 수 있 는 점 이 큰 장점 입니다
positive	항상 사용 해요 ~
positive	😊
negative	별로
positive	넘 좋 아요
positive	집 에서 편하 게 주문 해서 좋 았 어요 비 도 오 고 씻 고 나가 기 도 귀찮 다고 생각 이 들 었 는데 좋 은 상품 싸 게 잘 사 서 최고 수준 이 다
positive	다양 한 카드 행사 가 있 었 으면 좋 겠 네요 그래도 적절 한 가격 에 질 샀 습니다 많이 파 세요
negative	아니 제발 카카오 페이지 에서 캐 쉬 안 주 는 건 카카오 페이지 에 따져야지 여기 다가 따지 면 어쩌 자는 겁니까
positive	자주 이용 해야 겠 네요
positive	배송 도 빠르 고 포장 상태 도 너무 좋 아 늘 만족 하 며 주문 합니다 할인 쿠폰 도 여러 가지 로 이용 할 수 있 어서 정말 유용 하 게 상품 구매 를 하 고 있 습니다
positive	이 어 플 만 맨날 쇼핑 하 다가 꺼집니다
negative	극 혐
negative	뒤 로 가 려면 상단 메뉴 까지 올라가 야 하 고 전체 적 문법 이 맞 지 않 는 곳 이 있 어서 헷갈리 고 . ...
positive	피 씨 버전 도 편했 지만 어 플 이용 하 니 그 편리 함 이 더 좋 네요
positive	무척 편하 네요 ~^^
negative	잘 살펴보 겠 습니다
negative	내일 받 아 볼 수 있 고 포인트 로 결제 하 니 선물 받 는 느낌 이 네요 -!
positive	백화점 에서 파 는 화장품 을 온라인 으로 이 보다 더 싸 게 구입 할 수 없 습니다 ^.^ 화장품 구매 는 신세계 몰 인 듯
negative	안 되 서 별 하나 빼 요 ssg pay 강요 하 능거 같 기 도 하 고요
positive	이용 이 편리 하 고 가격 이 싸 서 좋 네요
positive	늘 잘 사용 하 고 있 어요 ~^^
negative	배송 비 줄여 주 세용
positive	백 ㅎ 화점 이랑 마트 랑 같이 이용 할 수 있 어 편리 해요
negative	님 들 300 캐시 들어와요 ㅋㅋ 앱 열기 해서 들어가 셔야 캐시 들어오 지 어우 답답 해
negative	왜 여기 서 카카오 페이지 타령 이 냨ㅋ 난 잘 만 오 는데
positive	대포 님 안녕 하 세요 반갑 습니다 즐거운 하루 되 세요
negative	전 이 앱 이 필요 해서 설치 하 고 만족 한 사람 인데요 . . 이 앱 에 카카오 페이지 가 들어가 있 나요 ? 찾아봐도 없 는데 카카오 페이지 로 착각 하 신 분 들 같 네요
negative	여기 가 카카오 페이지 , 타 게임 인가요 ? 여기 서 따지 면서 별점 내리 지 마시 고 그 게임 에 따지 시 죠
positive	좋 습니당 ㅎㅎㅎ ㅎㅎ
positive	신선 한 것 같 네요 ~~^^
positive	ssg 페이 라면 편리 한 결제
positive	잘 샀 어요 . 수고 하 세요
positive	자주 쇼핑 할께요
positive	지인 의 추천 으로 인해 처음 으로 새벽 배송 이용 하 게 됐 네요 . . 바로 다음 날 새벽 6 시 에 배송 된다니 기대 되 요 . .
negative	유기농 상품 만 검색 ( 검 색시 일반 상품 과 가격 비교 > 바로 갈 수 있 게 링크 ) 삼계탕 용 닭 검색 > 토종닭 1 개 만 나옴 : 비슷 한 상품 3 개 이상 준비 되 어야 선택 용 이
negative	수준 떨어짐 .
positive	언제나 좋 은 가격 으로 구매 해서 자주 이용 합니다
positive	내 가 뭘 샀 는지 기억 해 주 고 . 어떤 갈 다주 샀 는지 알아봐 주 고 . 그리고 원 하 는 시간 에 . 당일 배송 까지 . 세상 을 똑똑히 살아가 는 방법 을 터득 시켜 주 는 너무 친절 한 쓱 .
positive	진짜 편리 하 고 너무 좋 아요 .
positive	항상 감사 합니다
positive	무료 라 더 좋 아 욤
negative	카카오 페이지 카카오 페이지 작작 하 세요 ;; 여기 가 무슨 카카오 페이지 도 아닌데 왜 계속 얘기 하 시 냐고요 ;;
negative	캐쉬 바로 주 는디 . ..
positive	빅뱅 온라인 시대
negative	아니 왜 캐 쉬 안 주 는 걸 여기 서 뭐 라 그러 고 있 어 . 그건 카카오 페이지 가 서 말 해 그리고 저번 에 깔 았 으니까 안 주 는 거 겠 지 ; 얼 탱이
positive	아주 좋 다 빠르 다
negative	바보 들 아 그건 니 가 이미 깔 았 던 거 니까 캐쉬 가 안 들어오 지 그리고 이걸 왜 여기 서 말 하 냐 ? 카카오 페이지 가 서 따 져라
positive	항상 쿠팡 만 사용 했 는데 ~~~ 와 ~~ 여기 배송 엄청 빠르 네요 ~~ 온라인 에서 구매 하 면 항상 일 주일 정도 걸리 고 날씨 더워 쇼핑 은 나가 기 싫 은 저 한테 딱 좋 은 ~~~
negative	장바구니 , 주문 , 결제 제 페이지 는 잘 만들 어 져서 편하 긴 한데 경제 할 때 가능 한 카드 가 한정 적 이 라 불편 할 때 가 잇 어요 , 그리고 상품 상세 페이지 에 상품 정보 가 불 성실 한 편 이 에여 - 의류 도 그렇 지만 노브랜드 상품 이나 채소 류 들 도 보 면 세부 내용 만 보 고 주문 하 기 가 좀 애매 해요
positive	앱 결제 너무 편리 해져서 편하 게 결제 합니다 ^^
positive	감사 합니다
positive	GooooooooooD
negative	아니 니 들 이 카카오 페이지 가 서 따질 걸 여기 에 따지 고 그리고 왜 별 한 개 냨ㅋㅋㅋ 아니 니 들 같 은 무 개념 들 때문 에 평점 떨어진다 덜떨어진 것 들 아
positive	좋 아요
positive	연동 되 어 편리 합니다
positive	감사 합니다
positive	좋 아요
negative	여기 가 카카오 페이지 에 요 ? ㅈ ㅂ 카카오 페이지 에서 따지 세요 ㅎㅎ
negative	아니 여기 서 이럴 거 캎페에 문의 해요
positive	참 조 으 네요
negative	광고 진짜 징그럽 게 자주 나오 고요 . .
negative	다운로드 가 잘 안 돼요 그리고 설치 완료 됐 다고 잘 안 떠요 . .
negative	앱 접속 시 모든 할인 쿠폰 이 자동 다운로드 되 면 좋 을 것 같 습니다 .
positive	최고 편합니다 여기저기 몰 이동 안 해서 너무 편해요 ~
negative	솔직히 카카오 페이지 그만 좀 여기 가 카카오 페이지 임 ?
positive	좋 아요
negative	카카오 페이지 에서 300 캐 쉬 주 는데 ? 이미 한 번 깔 아 봐서 그런 거 아님 ? 그리고 불만 이 면 카카오 페이지 에서 말 하 지 여기 서 말 함
negative	카카오 페이지 300 캐시 준다면서 요 벌써 7 분 이나 기다렸 어요
negative	엥 ? 겜 에서 설치 하 면 27 쿠키 준다고 했었 는데 ? 이상 하 담
negative	ㅋㅋ ㅋㅋ 개 오지 네 . ㅋ 아니 까 는 데 시간 겁나 오래 걸리 고 낚시 하 니까 재밌 냐 ? ?
positive	이용 해 보 고 싶 은 싸이트 임 니다
negative	카카오 페이지 300 원 안주 네요
positive	처음 이용 해 봤 는데 장보 러 안가 도 돼서 넘 편하 네요 ^^ 앞 으로 자주 이용 할 것 같 아요
positive	넘 편함
negative	카카오 페이지 야 적당히 구라 까 야지 소비자 에게 몇 번 낚시 하 냐 욕 나오 게 하네 300 캐 쉬 내놔 소비자 들 한테 장난치 니까 재밌 냐 ?
negative	점점 더 자주 들러 보 게 된다
positive	굳 ^
positive	장보기 편하 고 노브랜드 를 제대로 알 게 해 준 ~~~ 전 쇼핑 보단 장보기 로 ~~~
positive	앱 에서 제공 하 는 것 이 넘 좋 았 습니다
negative	에서 검색 결과 보 기 에서 할인 율 순 으로 도 있 으면 합니다
positive	좋 은 제품 항상 감사 드려요
positive	편리
negative	카카오 페이지 랑 짜 고 쳤 나요 300 캐시 안 들어오 네요
negative	여러분 캐시 못 받 은 걸 왜 여기 서 찾 나요
negative	카카오 페이지 에서 안 준다는 리뷰 가 많 으신데 뭐 에 요 ? 전 주 든데 . . 조금 기다리 니깐 ㅋ
negative	아직 사용 안 해서 잘 모르 겠 네요
positive	처음 사용 한 슥 페이 ^^ 간편 하 고 좋 아요
positive	싸 고 넘 좋 아요
positive	최고 에 요
positive	너무 너무 좋 아 여 ^
positive	좋 아요 좋 아요
negative	어 플 깔 면 포인트 준다고 하 고 안 주 네 양 선수 이 고 만
negative	카카오 페이지 300 캐 쉬 안 주 네요 뭐 이런 경우 가
negative	미리 배송 준비 전 에 알려 주 시 거나 앱 으로 일부 취소 할지 전체 취소 할지 결정 할 수 있 게 했 으면 좋 겠 네요 . 배송 준비 중 에 부분 품절 알림 이 오 니까 고객 센터 에 전화 해서 전체 취소 신청 해야 하 고 . . 그것 도 안 되 서 배송 기사 분 께 따로 알려야 한다고 하 니 좀 불편 하 네요 . .
positive	너무 좋 네요 ^^
positive	편리 해서 좋 습니다
negative	카카오 페이지 에서 캐 쉬 준 대서 깔 았 는데 낚 시 엿 나 여
positive	굿
negative	카카오 페이지 300 캐시 주세요
positive	여러 가지 쿠폰 으로 할인 받 아 더 기분 이 좋 아 지 는 앱 입니다 ^^
negative	카카오 페이지 이벤트 구라 인가요 ? 앱 설치 했 는데 . .. 낚 인 건가 ?
positive	굿 굿
negative	다운로드 하 는데 저 만 시간 이 오래 걸리 나요
negative	겜 에서 어 플 설치 하 면 루나 준다고 설치 했 는데 안 들어왔 네요 포인트 지급 목록 에서 는 들 어 왔 다고 뜨 지만 , 10 루나 가 안 들어왔 습니다 .
positive	제 가 원래 까다로운 뇨 자인 뎅 상품 도 좋 궁 마음 에 드 는 제품 들 이 많 아서 좋 아요 ❤ ️
positive	굿 굿
positive	급하 게 아기 분유 주문 해요 당일 배송 넘 나 굿 굿 굿 ~
positive	처음 이 라 잘 모르 는데 사용 하 고 리뷰 남길 께 요
positive	으아 ! 헬로 펫 !
positive	좋 은 상품 많이 올려 주 세요 ~^^
positive	1 만 원 부터 ~~~ ㅋㅋ
negative	이런 앱 쓰래 기
negative	광고 그만 좀
negative	ㅇㄴ . .. 무슨 저장 공간 충분 한데 다운 하 는 게 13 분 이나 걸림 ;
positive	물건 사기 편리 하 네요
negative	아니 납치 광고 개 빡 치 네
negative	광고 왜 이렇게 많이 뜨 나요 ? 어 쩌 피 안 쓸건데 . ..,
negative	별루
negative	남기 고 싶 은 글 없 음
positive	카페 돈 벌 려고 깔 았 다 손
positive	고고고
positive	좋 아요
negative	말 그대로 최악
negative	들어갈 때 마다 로그인 을 해야 되 고 앱 도 매우 자주 꺼지 네요 . 해상도 대응 도 안 되 있 고 . ..
positive	Food
positive	사용 해 보 지 안음
negative	그리고 중복 되 는 앱 들 삭제 하 시 고요 . ssg 에 다 있 는데 이마트 앱 신세계 앱 백화점 앱 신세계 몰 까지 . ...
positive	배송 이 무엇 보다 빨라 만족 합니다 .
positive	편해요
positive	굿 ^^
positive	최애 얘 애 왁
positive	우 ~~~~~~~~~~~~~~~
positive	👍👍
negative	음 . .. 글쎄요 . ..
positive	즐겨 구매 ㅎㅎ
negative	필터 적용 하 면 상품 이 다 안 보이 는 버그 좀 수정 해 주 세요
positive	편리 해요
negative	구 ~~~~~~ ㅅ
negative	Ssg 페이 로 결제 하 려 할 때 마다 바로 결제 되 지 않 고 비밀 번호 누른 후 다시 뒤 돌아가 기 눌러 결제 취소 를 했 다가 ssg 페이 로 결제 하 기 눌러야 결제 가 돼요 . . 직접 아이폰 에서 쓱 페이 로 결제 하 기 해 보 신 건지 . .? 오류 난지 오래 됐 는데 말 입니다 . . : (
positive	가까운 이마트 에서 배송 되 니 빠르 고 좋 네요 .
positive	사용 이 간편 하 고 여러 가지 로 너무 편리 해서 자주 사용 합니다 아주 만족 합니다
positive	정보 안내 설명 뒷 처리 매우 깔끔 .
positive	좋 아요
positive	좋 아요
negative	일단 돈 없 어서 패스
positive	간편 결제 도 좋 고 상품 도 많 고 좋 네요 ! ! 잘 쓰 겠 습니다 ㅎㅎ
positive	좋 아요
positive	웹 사이트 도 최고 구요 , 고객 서비스 도 넘 맘 에 들 어요 ! !! 사악 한 가격 은 간혹 있 지만 , 최저 가 도 많 아요 ! 사랑 해요 SSG !
positive	잘 정돈 되 어 있 음
negative	저 S 9 이벤트 당첨 됬 다는 데 이 사이트 에 들어가 있 네요 ?
negative	광고 작작 좀 떠라
negative	배송 도 쓱 주문 도 쓱 다 쓱 . ... 머쓱 머쓱 ^^,,,
negative	보 고
negative	자판 의 엔터 키 안 먹힘 . 검색창 에 돋보기 표시 로 만 검색 됨 . 추천 검색어 가 안 뜨 면 검색 안 됨
negative	배송 이 빠르 대서 주문 했 더니 배송 준비 만 계속 뜨 고 일 주일 이 지남 무슨 이 커머스 앱 이 이렇게 불편 한지 모르 겠 네요 상 담사 연결 하 려면 꼭 통화 를 해야 하 고
positive	좋 은 상품 저렴 하 게 구입 했 네요
negative	할인 율 이 다른 사이트 보다 많 음 좋 겠 어요
negative	배송 이 오후 1 시 반 에 도착 한다더니 수거 해 갔 데요
negative	이벤트 기간 에 맞춰서 주 는 쿠폰 받 고 할인 도 받 고 멈추 는 현상 없이 내 가 원 하 는 해택 을 모두 챙겼 더니 가슴 이 뿜 뿜 ! !!
negative	결제 하 기 누르 고 ssgpay 앱 으로 바뀌 고 는 결제 하 라는 걸 찾 을 수 없 어요 다시 쇼핑 앱 돌아와서 결제 앱 실행 안 되 깁니까 ? 눌러야 만 제대로 진행 되 요
positive	매장 별 판매 제품 의 다양 한 물건 을 보여 주 고 주말 쿠폰 할인 도 좋 아요 비교 하 기 쉽 고 카드 할인 결제 도 다양 해서 좋 아요 ~
positive	편리 하 고 좋 아요
positive	간편 하 고 좋 아요 !
positive	굿 굿 아아아아아 ㅏ아아아아앙기모띠 ~~
positive	처음 결제 인데 4 ~ 5 년 전 정보 가 기재 되 어 있 어서 깜놀 했 네요 . ..
negative	많 은 제품 을 스크롤 해서 볼 때 가끔 갑자기 셧다운 되 버려서 난감 할 때 가 이 썼 음
negative	카카오 페이 선택 했 는데 카드 를 또 왜 선택 하 게 만들 어 왔 는지
positive	정말 편하 고 좋 아요 !
positive	좋 은 물건
positive	편하 고 좋 네요
negative	광고 상품 보 고 설치 했 는데 상품 이 없 음 ㅋㅋㅋ 낚였 넼ㅋ
positive	편하 게 장보 고 있 어요
negative	복잡 함
negative	너무 불편
negative	갤 7 사용 자 간편 회원 은 쿠폰 안 줌 . 앱 3 개 설치 시 이벤트 있 어 다 설치 하 였 는데 설치 안 한 걸로 나옴 . 이래서 주문 하 기 겁나 삭제 중 . .
negative	일 주일 넘 게 수량 확보 중 이 라고 뜨 더니 수량 확보 못 했 다고 일방 적 으로 결제 취소 문자 만 띡 보내오 네요 뭐 이런 곳 이 참으로 . .
positive	하지원 씨 좋 아 하도 맞음 이 가 서 구매 합니다
positive	좋 아요 ~~~^^
positive	작작 해
negative	와이파이 아닌 데 서 는 작동 안함
positive	처음 포인트 통합 시 창 을 여러 번 닫 아야 하 는 번거 로움 이 있 었 지만 지금 은 빠르 고 편해요
positive	믿 을 있 어서 좋 아요 ~ 배송 도 빠르 니 더욱더 좋 아요
positive	굿
positive	사용 할 때 마다 어 플 지우 고 다운 받 는 중 이 네요 . .
negative	빨리 11 번 가 인수 하 시 고 더 번영 하 세요 . 신세계 화이팅 . ..
positive	매번 행복 하 게 . 이용 합니다
positive	좋 고 편한 것 같 아요
positive	최고 예요 !
positive	좋 아유
negative	세션 이 만료 되 었 습니다 왜 이렇게 많이 뜨 나요 ? 뭘 사 라 늠 건지 말 라는 건지 모르 겠 네요 , 한 10 번 해서 결제 했 습니다 .
positive	굿 굿 마 뤄 재 춰 재 루 재 애 즟
negative	신세계백화점 이나 이마트 . . 전단 광고 나 신세계 몰 은 백화점 상품 이랑 행사 자체 가 다른가요 ? ?
negative	감동 서비스 네요
positive	결제 시 너무 편리 해서 좋 아요 ^^
negative	쓸 때 마다 아 . .. 고객 이 편리 함 을 느끼 게 하 는 구나 라고 감탄 합니다 주소 변경 해서 배송 받 기 쿠폰 사용 하 기
negative	애기 분유 나 기저귀 가 간당간당 할 때 매번 주문 하 면 금방 배달 해 주 셔 고맙 습니다 . 제 힘든 육아 의 동반자 라 할까요 ^^
positive	쓱 ~ 주문 하 고 , 쓱 ~ 배송 받 고 , 장말 편리 하 네요
positive	많 은 혜택 과 할인 푸폰 도 많이 주 고 다른 데 보다 싸 고 질 좋 은 제품 많이 부탁 드려요 ~^^
positive	Ssg 에서 는 백화점 . 마트 상품 한 번 에 쇼핑 하 니 편해요 . 몇 년 째 요기 서 만 쇼핑 .
positive	잘 쑤 고 있 어요
negative	엉망 입니다
negative	개발자 누군지 진짜 어 플 개 쓰레기 로 만들 고 이딴 걸 베포 하 는지 . .. 사용 하 려고 다운 받 아서 어 플 열 고 시작 하 기 누르 면 바로 꺼짐 . 고객 센터 에 몇 번 이나 얘기 해도 고쳐 줄 생각 1 도 안함 . 신세계 가 어 플 을 이 따구 로 만들 다니 이해 불가 . 돈 써 주 려고 어 플 받 으면 뭐 하나 개발자 가 어 플 을 개 같이 만들 어 놔서 쓸 수 도 없 는데 .
negative	지금 느꼈 던 깔끔 함 을 지속 적 으로 느꼈 으면 합니다 .
negative	어 캐 4 . 7 이 나온 거 징
positive	굿
positive	예구 를 하 려고 샀 다가 알 게 되 었 는데 앱 이 편하 게 좋 네요 자주 이용 할 거 같 아요
positive	사용 전 기대 해 봅니다
negative	장바구니 목록 볼려면 따닥 해서 어 플 종료 후 다시 열 어야 전부 보임 평소 에 그냥 열 어 둔 채 로 놔두 면 장바구니 리스트 일부 만 보여 주 고 로딩 한다고 뺑글뺑글 돌 기 만 하 고 안 보여줌
positive	편리 하 고 합리 적 입니다
negative	택배 배 송문 구란 에 는 배송 관련 문구 를 적 는 걸로 알 고 있 는데 매장 에 전달 하 고 싶 은 메세지 를 주문 품목 별 로 작성 가능 하 게 해 주 시 면 주문 에 더 도움 이 되 겠 습니다
positive	가격 조건 넘 좋 아서 구매 결정 했 습니다
negative	왜 1 달 라가 결제 되 는 거 죠 ? 무료 앱 인데 , , , 환불 해 주 세요
positive	밀레 도어 락 신 제품 을 SSG 에서 신속 하 게 배 송료 없이 받 아 보 니 참 좋 습니다 . 할 인가 에 쿠폰 까지 적용 하 니 인터넷 최저 가 보다 저렴 하 게 좋 은 상품 을 구매 하 게 되 었 습니다 . 감사 합니다 .
positive	친절 하 고 안 전하 고 빠르 게 항상 신뢰 합니다 ~~~!!!
negative	제품 구매 하 면 매번 제품 수량 확보 중 이 라고 뜨 고 1 주일 을 기다리 면 제품 수량 확보 못 했 다면서 결제 취소 자동 으로 해버립니다 . 수량 확인 전산 작업 으로 할 텐데 1 주일 이나 걸리 나요 ? 1 주일 기다린 것 도 짜증 나 는 데 참 고 기다린 대답 이 결제 취소 번번히 이러 니 짜증 나 네요
positive	좋 아요
positive	쓸 만 해 여
positive	편리 하 고 좋 아요 백화점 이랑 마트 상품 모두 구매 가능 해서 유용 합니다 . 앞 으로 도 더욱 발전 하 시 기 바랍니다 . 시간 마다 배송 정할 수 있 어서 직장 맘 들 에게 는 더없이 편리 합니다
positive	구입 도 간편 하 고 할인율 도 좋 고 많이 파 세요
negative	결재 방법 이 너무 복잡
positive	좋 아요
negative	이 앱 으로 도 몰 , 트 레이더스 등등 쇼핑 이 가능 한데 일부 혜택 받 으려면 각각 의 앱 을 또 따로 설치 하 라 함 ! 왜 ? !!!! 다 설치 하 면 용량 이 얼만 줄 ? 항상 ssg 앱 으로 몰 장보 는데 쿠폰 떠서 다운 받 으라 치 면 이마트 앱 에서 만 가능 하 다는 안내 뜨 면 아 . . 진짜 할인 안 받 고 말 지 . . 생각 들 고 빈 정상 함 .
positive	마트 휴무일 에 는 집 에서 편하 게 쓱 ~~
positive	쓱 배송 정말 편하 고 품질 괜찮 아요 ㅋㅋ ㅊㅊ ~~
positive	망설임 없이 편하 게 이용 할 수 있 어 좋 다 .
positive	참 편리 합니다
positive	많이 파 세요 . 브랜드 있 는 제품 할인 많이 되 서 싸 게 살 수 있 어 좋 아요
positive	확실 한 상품 빠른 배송 언제나 만족 합니다 ^^
negative	오지 구여 지리 구여 너무 조 으다
positive	편한 결제 좋 아요
positive	항상 친절 하 게 배송 해 주 셔서 감사 합니다
negative	브랜드 별 로 물량 이 조금 만 더 . . 들 어 왓 으면 좋 겟 어요 . .
positive	좋 아요
positive	다양 하 고 편리 하 게 쇼핑 할 수 있 는 거 같 아서 유용 한 앱 이 될 것 같 아요
positive	필요 한 것 검색 하 면 언제나 다 있 어요 . 잘 사용 하 고 있 답니다 . 빠른 배송 도 좋 아요 .
positive	내일 아침 에 먹 을 음식 을 마트 에 가 지 않 고 주문 할 수 있 어 편리 하 고 좋 네요 ~
positive	매우 만족 합니다
negative	장바구니 에서 로딩 이 계속 돌때 가 있 어요
negative	쿠폰 사용 이 너무 어려움 . 행사 쿠폰 1 만 원 다운 받 았 는데 사용 못 함 .
positive	항상 친절 배달 정확 너무 감사 합니다 ~~~^^
positive	이용 잘 했 어요 ㅎ
positive	SSG 덕분 에 장보기 가 넘 편해졌 어요 ! !! 시간 절약 ! ! 좋 은 제품 배송 ! ! 늘 감사 합니다 ^^
positive	처음 결제 해 봤 는데 정말 편합니다 . ^^
positive	쓱 쇼핑 좋 아요 단지 , 주문 최대 수량 이 너무 적 어요 ㅠㅜ
positive	감사 요
positive	Bad
positive	완전 좋 음 싸 게
positive	굳 굳
positive	아주 좋 아요
positive	혜택 모음 할인 쿠폰 도 있 고 백화점 에서 본 상품 할인 적용 받 아 조금 더 저렴 하 게 구매 할 수 있 어서 좋 아요 그리고 무엇 보다 시간 을 정할 수 있 는 쓱 배송 이 최고 !
negative	앱 은 좋 은 데 문제없 는 좋 은 상품 받 기 가 쉽 지 않 네요 ㅠㅠㅠ
negative	돈 결제 되 었 어요 . ... 확인 해 주 세요
negative	1 달러 차감 되 는 데 확인 해 주 세요
negative	품절 상품 도 보 고 싶 습니다
negative	이거 왜 만 듬
positive	생각 보다 간편 하 지가 . .
positive	편리 하 고 좋 아서 늘 이용 합니다 !
positive	좋 아요 ~^^
negative	슼배송 넘 조음 슼페이랑 연계 하 면 지문 한 번 으로 결제 완료 . . 캬
positive	제품 도 다양 하 고 신세계 라 믿 음 이 기요
negative	결제 카드 등록 메뉴 를 찾 을 수 없 고 ui / ux 가 결제 프로세스 에서 매우 복잡 하 고 헷갈림
positive	좋 습니다
positive	좋 아요 ~
positive	주문 , 결재 너무 편해요
positive	스위트 걸 스티커 받 기 위해 설치 ~
negative	매번 쓱 앱 을 열 때 마다 세련 된 메인 디자인 에 감탄 합니다 . 진짜 열일 하 는 디자이너 분 께 칭찬 의 메세지 를 전달 하 고 싶 습니다 . 업데이트 될 때 마다 쇼핑 의 기능 까지 점점 업그레이드 되 어 이제 는 다른 쇼핑 앱 은 사용 못 할 것 같 아요 ~
negative	아이 때문 에 마트 에 가 기 힘들 어 주문 시작 했 는데 편하 게 집 까지 번거 로운 것 까지 배송 되 니 편해요 . 아니 스크림 같 은 건 주문 하 니 아무래도 퀄리티 가 떨어져 배송 하 는 데 고려 해 보 고 신중히 구매 하 시 길 권해 드리 구요 .
positive	그 힘 듦이 덕분 에 해소 되 었 고 , 바쁜 시간 절약 할 수 있 어서 너무 잘 애용 하 고 있 습니다 . 감사 합니다 ~^^
negative	추석 연휴 에 주문 하 지 마세요 . 무조건 . 배송 완료 라고 . 뜨 고 . 상품 은 받 지 도 못하 고 . 전화 는 . 수십 통했 는데 . 다 들 미루 네요 . 이제 . 롯데 에서 살 려구요 . 새벽 배송 만 . 이용 하 세요 . 그리고 . 상담원 분 들 . 상품 은 . 님 이 고 . 상품 님 께서 는 이 라고 하 시 나요 ? 좀 이상 한 거 같 아서요 . 별 . 아까워 요 .
negative	역시 불편 하 고 사용 도 못하 는 쿠폰 으로 다운 만 유도 하 네요 할인 될 것 처럼 이 어 플 저어 플 다 다운 받 게 했 네요
positive	쇼핑 에서 결재 까지 아주 편리 합니다
positive	간편 한 결제 최고 ~~ 짱 ~
negative	서버 접속 왜 안 되 죠 너무 느려요
positive	요즘 이마트 몰 장보기 에 빠져 살 고 있 습니다 . ^^ 물건 이 좋 아 믿 고 구매 합니다 . ^^ 👍
positive	너무 편하 구 좋 아요 . 자주 이용 하 구 있 어요 ~
positive	쇼핑 하 기 도 편해요
positive	배송 도 빠르 고 물건 도 좋 네요 ㅎㅎ
negative	진짜 별루 임 . . 페이스 로 햇 는데 안 먹힘
positive	좋 아요
positive	제곧내
positive	🍒 아들 생일 많이 축하 . .. 🎂
positive	백화점 , 신세계 몰 , 이마트 등 여러 곳 의 물건 을 살펴 볼 수 있 어서 자주 이용 합니다 . 백화점 구입 상품 이 백화점 마일리지 와 합산 이 안 되 어 아 쉬워요 ! !
positive	라코스테 신발 좋 아요 평소 230 신 는데 후기 보 고 220 주문 하 고 혹시나 딱 맞 거나 발가락 아플까 걱정 했 는데 발가락 안 아프 고 편해요
positive	바로 주문 하 고 빨리 결제 하 고 퀵 배송 까지 오늘 하루 를 잘 보낼 수 있 게 도와준다
positive	원 하 는 날짜 에 그 시간 에 받 을 수 있 어서 좋 아요
positive	간편 하 게 결제 하 고 벤 티 로 업그레이드 완전 좋 아요
negative	코로나 때문 에 더 많이 애 용중
positive	빠른 배송 및 정확 한 전달 이 맘 에 듭니다 .
positive	편리 해서 즐겨 사용 해요
positive	장보기 최고 에 요 .
positive	아기 때문 에 밖 에 나가 기 가 쉽 지 않 아 장보 는 것 도 어려웠 는데 집 에서 손가락 하나 만 움직이 면 원 하 는 물건 이 집 까지 배송 되 니 만족 이 만 프로 ! !!!!
negative	업데이트 후 로그인 하 고 장바구니 에 물건 을 넣 으면 엡 이 자꾸 종료 됩니다 . .. 빠른 개선 부탁 드립니다
positive	앱 으로 구매 하 니까 더 편리 하 네요 ~~^^
negative	바로 결제 화면 으로 안 가 고 바코드 가 떠서 다시 실향 함
positive	잘 사용 하 고 있 어요 ~
positive	좋 아요 ^^
positive	그냥 설치 했 어요 ~
negative	한꺼번에 모아 놓 은 것 은 좋 으나 상품 을 구매 할 때 마다 일일이 어느 매장 상품 인지 확인 해서 담 아야 하 고 매장 이 다를 경우 각각 배송 비 가 부과 되 며 에러 도 많 아서 주문 하 는 데 시간 이 너무 오래 걸리 네요 . 결제 에러 만 네 번 나 서 계석 시간 이 마감 되 었 다고 하 고 . .. 롯데 와 번갈 아 가 며 이용 하 는데 매번 불편 해서 이마트 사용 하 려다 포기 하 고 다시 롯데 앱 을 열 게 되 네요 . .. ㅠㅠ 너무 불편 해요
positive	무겁 게 들 고 오 지 않 게 집 까지 배송 도 해 주 고 할인 도 받 고 해택 이 많 아서 좋 아요 .
negative	좇 습니다 ㅡㅡㅡ
negative	결제 및 제품 품목 이 조회 가 조금 아쉽 네요
negative	도대체 앱 개발 을 아 케 하 는 건지 수신 동의 쿠폰 만 받 으려고 하 면 난 히 임
negative	대 채로 만족 하나 야채 시든 게 오 거나 다른 곳 보다 가격 이 비싼 게 있 어요
negative	ssg 페이 결제 가 안 됩니다 이미 결제 진행 중 이 라고 만 나오 고 진행 이 되 지 않 습니다
positive	결제 하 기 편해요
positive	무지 편리 하 네요
positive	고맙 습니다
negative	일부 품목 은 타사 쇼핑몰 보다 50 % 절약 가능 함
negative	쓱 배송 받 으려다 . . 카드 결제 가 하나 밖에 지정 이 . .. 결제 에서 막혀 주문 하 려다 포기 . .
positive	넘 간편 하 구 좋 네요
positive	4 만 원 이상 은 배달 도 해 주 고 첫 이용 고객 에게 는 쿠폰 도 주 셔서 감사 합니다 다음 에 도 이용 할 수 있 게 할인 쿠폰 을 많이 주 셨 으면 좋 겠 어요 ^^
positive	구매 방식 과 가격 이 무척 좋 습니다
positive	하오
negative	너무 자주 업데이트 요청 이 되 고 아이폰 은 오류 가 잦 고 오류 시정 이 늦 습니다
positive	다양 한 제품군 , 다양 한 가격 군 , 재밌 군 .
positive	굳이 백화점 안가 도 좋 은 상품 도 할인 해서 잘 구매 하 고 있 어요 더 좋 은 상품 업그레이드 해 주 세요 ! !
positive	주문 도 슥 배송 도 슥 노브랜드 주문 상품 의 퀄리티 도 만족 스러운지 지켜볼 게 요 ~~
negative	핸드폰 잠시 만 다른 화면 창 켰 다가 들어가 면 다 초기 화 되 잇 어서 쇼핑 하 기 짜증 나 네요
negative	카드 결제 창 으로 넘어가 서 스마트 결제 같 은 것 말 고 일반 결제 를 클릭 하 면 하얀 페이지 만 뜹니다 ;
negative	튕김현상 해결 부탁 드려요
positive	상세 이미지 가 잘 볼 수 있 어서 좋 네요
negative	배송 느리 고 매장 에 있 어서 구매 했 는데 정작 매장 에 물건 없 고 불편 한 싸이트
positive	싸 게 잘 샀어요 ~~~~~~~
negative	구매 안 되 요
positive	대박 나세 요
positive	너무 편하 고 편하 고 편해요 . 기획 하 고 만드신 분 들 께 박수 를 ㅜㅜ
positive	배송 도 빠르 고 가격 도 너무 착해서 맘 에 들 어요 담 에 도 구매 해야 겠어요
negative	이렇게 불 안정 하 게 주문 결제 를 만들 아 놓 고 도 . .
positive	구매 할 때 보 면 계란 30 구 가 항상 품절 이 네요 좀 많 은 양 을 확보 바랍니다
negative	짜증 나 요
positive	하 미치 게 하 네
negative	별루 임
negative	다른 건 모르 겠 고 다른 쿠팡 이나 다른 곳 들 쇼핑몰 과 는 다르 게 배송 비 3000 원 은 5 만 원 이상 을 써도 쳐 받 는군요 상품권 때문 에 써 봤 지만 굉장히 맘 에 안 드 네요 그렇 다고 배송 이 월등히 빠르 지 도 않 고
positive	장점 : 한눈 에 보 고 비교 하 고 살 수 있 어서 좋 아요 가끔 은 가격 이 타사 보다 조금 더 저렴 해서 이쪽 에서 구입 하 기 고 한답니다 좋 아요 단점 : 더 많 은 상품 이 올려 주 셨 음 합니다 물론 최신 상순 아 면 더 좋 갰 죠 ~~ 검색 하 면 관련 없 는 것 도 검색 이 되 네요 ~
positive	여러 면 에 만족 스러워 요 .
negative	일부 상품 들 은 일반 택배 는 가능 하 고 쓱 배송 은 왜 않 되 는 건지 이해 불가 입니다
positive	간편 등록 하 면 편하 네요
negative	느려요 한번 주문 하 고 앱 지 웁 니다
positive	늘 새로운 쓱 닷컴 . 이벤트 가 풍성 한 쓱 닷컴 . 고객 의 니즈 를 바로 알아채 는 쓱 닷컴 . 내 맘속 에 쓰윽 - 들어온 쓱 닷컴
negative	백화점 가 기 귀찮 을 땐 ssg 로
positive	좋 아요 ♡
positive	번창 하 세요 ~
positive	편해서 좋 아요
positive	여러 사이트 몰 중 단연 돋보이 는 시스템 과 몰구 성 , 다양 한 상품 과 배송 서비스 등 만족 하 며 사용 중 입니다 . 앞 으로 도 소비자 와 기업 모두 가 상생 할 수 있 는 좋 은 서비스 부탁 합니다 .
negative	튕기 거나 오류 나 거나 . . 모바일 에 최적 화 되 지 않 은 것 들 이 있 는 건지 뭔지 오류 가 너무 많 아요 . 신세계 상품권 쓸 때 야 참 고 쓰 지 나머지 는 쿠팡 이나 마켓 컬리 씀 불편 해서 . .
positive	벌써 15 년 ? ? 째 이용 중 이 에요 처음 오픈 때 부터 사용 중 이 에요 다른 곳 보다 화면 이 세련되 고 보 기 쉽 게 되 어 있 어요 물건 도 믿 을 수 있 고 상품 도 다양 하 게 많 아요
positive	항상 애용 하 고 있 습니다 . 남편 에 버금가 는 ( ? ) 도움 입니다 . 기사 님 들 께 도 항상 절 이 라도 하 고 싶 은 심정 입니다 .
positive	편하 게 쇼핑 하 고 있 어요
negative	수정 해 주 세요
positive	신세계 계영 다 쓸 수 있 어서 오래 동안 이용 했 지만 솔직히 상품 이 너무 부족 하 고 가격 도 이마트 와 같이 이용 하 면서 도 불구 하 고 가격 이 최저 가 아닌 게 훨씬 많 다 그리고 쿠폰 알림 켜 놓 았 으나 사용 할 수 있 는 쿠폰 이 너무너무 제한 되 어 있 어 누구 를 위한 쿠폰 들 인지 모르 겠 다
positive	앱 으로 이 정도 완성도 는 칭찬 할 만 합니다 .
negative	바나나 가 묶음 상품 외 에 는 다 품절 이 네요 . 재고 확보 부탁 드립니다 .
positive	좋 아요
negative	쓱 ~ 배송 되 고 직장인 들 에겐 더 할 나위 없 다 . 그러나 냉장 냉동식품 에 대한 포장 이 허술 해 그 점 만 보안 된다면 정말 별별 별별 별 이 다 .
positive	굿
positive	좋 아요
negative	네이버 로 로그인 하 면 자동 로 그인 안 되 고 계속 다시 눌러야 합니다 담 번 에 터치 아 뒤 로 로그인 할 꺼 라는 팝업 오케이 해도 계속 뜨 는데 불편 해 죽 겠 습니다 수정 해 주 세요 ! !!!
negative	전체 적 으로 타 쇼핑몰 보다 앱 화면 이 심플 하고 , 상품 보 기 가 편합니다 .
negative	번호 인증 했 더니 가입 한 적 도 없 는데 뭐 가 초기 화 됐 다 뜨 고 확인 눌렀 더니 번호 인증 하 라 그러 고 뭐 하 자는 거 냐 개 빡 치 네 뭣 좀 쳐먹 을라 하 니까 초입 부터 말썽 이 야 아오
negative	나름 잘 꾸며 놨는데 너무 불편 해서 리뷰 써 봅니다 . 첫째 네이버 나 카카오 같 은 거 로 연동 해서 로그인 하 려는데 다른 데 같 았 으면 따로 로그인 할 필요 없 는데 다시 네이버 로그인 해서 개인 정보 다 설정 해야 함 .
positive	좋 아요
negative	전 이 앱 을 몰라요
positive	좋 아 ~~^^
negative	나 의 폰 이 문제 인지 앱 이 문제 인지 는 잘 모르 겠 네요 . 사용 중 빈번히 아웃 이 되 는데 왜 그럴까요 ? 그리고 중국 에 몇 년 살 동안 타오 바오 를 많이 이용 했 는데 타오 바오 는 파 는 사람 과 사 는 사람 이 물건 에 대한 문제 를 메신저 로 얘기 하 고 문제 해결 을 할 수 있 었 는데 한국 쇼핑 앱 은 그렇 지 못해 아쉬웠 는데 ssg 가 부분 적 으로 시작 하 는 듯 한데 아직 은 멀 어 보이 네요 . 당장 쓱 배송 에 관한 것 도 양 방향 소통 이 아니 라 일방 적 소통 이 라 이런 부분 은 중국 보다 못 한 것 같 아요 . 좋 은 점 은 모방 이 라도 해야 겠 지만 판매자 가 힘들 다는 생각 을 가져서 일 까요 ? 너무 판매자 위주 아닌지 . ..
negative	이마트 인 줄 알 구 받 았 다가 꽤 나 고생 했 네요 . 배송 나뉘 어 져 오 는 것 싫 어서 매장 배송 시키 려 했 는데 아무리 찾 아도 검색 외 에 는 바로 가 기 가 없 구 . , 검색 하 니 매번 필터 먹이 는 것 도 일 이 고 .
negative	배송 지역 서울 인데 도 안 되 는 곳 이 있 는 듯 요 . .?
positive	쓱 은 언제나 감사 하 게 잘 쓰 고 있 습니다
positive	할인 도 많이 되 고 배송 도 빠르 고 SSG 스러워 요
negative	왜 결제 되 는 거 죠 무료 앱 이 라고 되 어 있 는데 ? 빠른 답변 부탁 드립니다 ;
positive	사용 하 기 편리 하 고 결재 도 간편 하 고 최고 입니다
positive	슥 ~!
positive	까 복
positive	너무 좋 아요 ^^
positive	편리 하 네요
negative	새벽 배송 편리 한데 각기 다른 카테고리 에서 시키 면 배송 비 가 별도 로 붙 제요 이 에 대한 설명 이 없 어 한참 헤맸 습니다
positive	마트 장보기 백화점 아울렛 쇼핑 다 할 수 있 어서 너무너무 좋 아요 ~!!!!
positive	주문 간단 하 고 문 의 빠른 답변 좋 았 습니다 .
negative	물티슈 20 개 밀크 쵸 콜렛 15 다크 쵸 콜렛 1 일 리 윤 마스크 팩 20
positive	굳 군
positive	퇴근길 , 남 는 점심 시간 활용 해서 쓱 에서 이마트 장보기 넘 넘 편리 합니다 . 맞벌이 부부 에게 필수 템 이 어요 ~ 오렌지 자몽 쥬스 , 쌀 , 라면 우유 부터 계란 까지 . . 편리 해서 넘 좋 아요 ~ 트 레이더스 에서 대용량 장보 기 도 가끔 활용 하 면 좋 습니다 . 신세계 상품권 으로 S 포켓 머니 로 장보 면 도움 많이 되 요 . 좋 은 상품 많이 많이 입 고 해 주 세요 ~^^
negative	전 엔 안 이랬 는데 쓱 앱 을 엄청 오랫동안 이용 했 는데 언젠가 업 뎃한 이후 부터 앱 에서 뭐 보 다가 잠깐 카톡 이 와서 카톡 보고 다시 앱 으로 들어가 면 ( 앱 종료 한 거 아님 ) 다시 초기 화 되 서 로딩 화면 이 떠요 . 찾 아서 보 던 카테고리 , 검색 해서 쭉 내려서 보 던 순서 . .. 다 사라지 니 너무 불편 하 고 짜증 납니다
positive	처음 엔 불안 했 는데 제품 도 싱싱 해서 믿 고 주문 합니다 편한 세상 이 에요 : )
positive	Ssg 에서 여러 가지 계열사 브랜드 상품 을 다 쇼핑 할 수 있 어서 좋 아요
positive	이용 하 기 너무 편해서 장보 거나 물건 살 일 이 있 으면 항상 애용 합니다
negative	ssg money 사용 할 때 는 할인 적용 이 안 되 나요 ? ssg 앱 사용 을 하 려고 상품권 구매 하 는 것 도 있 는데요 . 확인 해 보 시 기 바랍니다
positive	너무 간편 해서 좋 아요 모든 처리 도 빠르 고 믿 고 살 수 있 네요
positive	편하 게 잘 사용 하 고 있 습니다 만 가끔 먹통 이 되 는 건 개선 바랍니다 . .
positive	전체 적 인 완성도 가 점점 개선 되 고 있 으며 , 편리 성 역시 굿 임 .
negative	리뷰 쓸 때 마다 오류 나 서 먹통 되 네요
positive	좋 아요
positive	최고 . .. 엄 지척
positive	편하 고 갠 춘
positive	상품 하나 선 택시 유사 상품 으로 묶음 할인 을 해 주 는 기능 과 배송 비 를 절약 할 수 있 는 아이콘 이 있 어 좋 았 습니다 .
positive	SSG 앱 잘 사용 하 고 있 습니다 여러 면 에서 기능 들 좋 구요 편리 합니다
negative	신발 하나 사 려는데 결제 를 새 번 이나 번복 케 하 고 심지어 리뷰 쓰 려는데 글자 도 안 보임 ;; 글자 엉망진창 이 면 어 플 이 이 모양 이 라 그런가보다 하 면 될 즛
positive	사실 배송 받 은 상품 이 파선 된 경우 도 있 고 여러 가지 경험 이 있 지만 고객 센터 의 적극 적 이 고 빠른 해결 에 신뢰도 가 아주 높 습니다 생활 의 여유 를 주 는 제겐 훌륭 한 친구 입니다 ~
negative	뭔 결재 방법 이 일 케 복잡 한지 ! !! 쌀 사 는 데 3 일 걸렸 음 ! !! 밀 고 있 는 카드 이런 거 빼 고 좀 간단 하 게 사용 하 게 하 는 것 이 방문 빈도 를 늘리 는 지름길 일 것 같 음 ! !!
negative	27 세 여성 이 다루 기 에 도 상당히 까다롭 네요 ㅠ
positive	사용 에 있 어서 너무 편안 합니다
positive	아주 좋 습니다 .
positive	좋 아요
negative	별로 입니다
positive	처음 이 라 아직 이 요
positive	편하 고 빠른 배송 좋 아요
positive	쿠팡 만 써 보다 쓱 이용 해 보 니 쓰레기 도 안 나오 고 넘 좋 네요 ~
positive	여러 경로 를 합쳐 놔서 검색 하 면 다양 한 금액 비교 도 되 고 아주 좋 네요
positive	원 하 는 제품 을 빠르 고 정확 하 게 배송 받 을 수 있 어서 좋 았 어요
positive	편리 합니다
positive	굿 굿 굿 빨라서 굿
positive	마트 부터 백화점 까지 쇼핑 가능 해서 조아 요 ~ 할인 행사 자주 해 주 세요 ~~ 더 자주 이용 하 고 싶 을 거 같 아요 ~~~ 포인트 적립 도 마니 해 주 면 좋 을 듯 ~~~
positive	저 는 쓱 대 만족 합니다 ~~ 아침 에 시켜 도 배달 해 주공 ~~ 제 가 필요 한 이모저모 다 있 어서요 ~~~ 백화점 , 이마트 , 다른 인터넷 마켓 등등
negative	갑자기 결제 하 기 했 는데 다음 페이지 로 안 넘어가 네요 열 번 시도 하 면 한 번 될까 말 까
negative	할인 받 으려고 카드 번호 찾 고 화면 이 바뀌 면 다시 장바구니 부터 들어가 야 하 니 너무 불편 하 네요 ㅜ
positive	근데 쿠폰 을 자주 주 셨 음 좋 겠 어요 ~^^
positive	다른 사이트 와 다르 게 배송 현형 을 바로 업 댓 해 주 니 좋 네요
negative	뭐 가 이리 어렵 게 만들 었 는지 . . 앱 은 또 왜 이렇게 잘 팅 기 는지 모르 겠 는데 저 만 그런가요 ? ?? ㅠㅠ
negative	1 . 카 뱅 도 은행 인데 추가 좀 해 주 세요 2 . 구매 금액 11 페이 나 페이 코 처럼 현금영수증 저장 해서 자동 으로 끊 게 좀 해 줘요
negative	팝업 도 많 고 . 검색 도 잘 안 됨 . 느림 . 쓱 배송 은 좋 음 . 그래서 애용 함 .
positive	쉽 게 접근 빠른 배송 완전 만족 합니다 .
negative	아이폰 x 사용 중 인데 어 플 실행 을 할 수 가 없 게 되 었 네요 . ..
positive	편리 하 고
negative	몰 별 이동 편함
positive	편리 해요
negative	시각 적 으로 예쁘 고 사용 하 기 간단 한 게 가장 큰 장점 이 고 . 각 아이콘 의 색상 이 서로 잘 어울리 고 크기 나 비례 도 적당 하 고 과 한 광고 나 팝업 이 없 어서 거슬리 지 않 아요 . 상품 을 클릭 하 고 들어가 면 정신없이 번쩍거리 는 상품 사진 들 이 없 어서 눈 도 아프 지 않 고 . 화면 배치 나 각 창 의 크기 도 비율 이 잘 맞 아서 예쁘 게 보이 고 . 수시로 앱 을 업데이트 하 고 고객 의 견도 수시로 반영 하 는 거 같 아요 . 과채류 는 특히 크기 나 퀄리티 가 가격 에 정비례 하 는 거 같 아서 주문 시 참고 가 되 요 .
negative	최근 자꾸 에러 코드 가 떠서 앱 지우 고 다시 설치 했 는데 ㅠㅠ 계속 그러 네요 저 만 그런 건지 ;;
positive	국내 에 있 는 백화점 / 마켓 온라인 몰 중 에선 서비스 품질 이 압도 적 으로 좋 다고 생각 합니다 . 한 십 여 년 이용 해 온 것 같 은데
positive	첫 쇼핑 했 어요 . . 여러 군대 로 들어갈 수 있 어서 좋 았 습니다
negative	글씨 가 안 보여요
negative	상품권 으로 결제 하 려고 했 는데 사용 하 기 도 힘들 고 별로 예 요
negative	상 품평 작성 하 기 누르 면 어 플 이 멈춥니다 현상 해결 좀 해 주 세요
negative	너무 광고 성 메세지 많이 뜨 고 복잡 하 고 내용 이 많 고 간결 하 지 못하 고 한꺼번에 다 넣 어서 귀죽 박죽 결제 도 어렵 고 애플 처럼 구글 처럼 해라 이 빙신 들 아
positive	전 에 는 마트 가 는 게 그렇게 귀찮 고 힘든 일중 하나 였 지만 ssg 닷컴 으로 장 을 본 후 론 는 마트 가 는 일 도 굉장히 줄 었 고 훨씬 편하 고 효율 적 이 란 생각 을 합니다 고기 나 생선 은 눈 으로 직접 보 고 사 야 한다는 생각 에 처음 엔 꺼리 다가 한두 번 보내 주 신 상품 이 신선 한 걸 보 고 는 지금 은 고기 랑 생선 모두 다 편하 게 주문 하 고 있 답니다 . 배달 시간 도 내맘대로 정할 수 있 어 정말 좋 구요 ^^
positive	할인 혜택 도 많 고 배송 도 정말 빠릅니다 . 워낙 백화점 도 신세계 만 가 다 보 니 신세계 몰 을 알 게 되 긴 했 지만 다른 쇼핑몰 은 답답 해서 이젠 못 이용 할 정도 에 요 ㅎㅎ
positive	처음 결재 하 는데 간편 하 고 좋 네요 ㅎ 포인트 확인 도 쉽 고 만족 합니다
negative	다 섞여 있 어서 너무 불편 해요 . 물론 필터 기능 이 있 긴 하 지만 정신없 습니다 .
positive	보 기 도 편하 고 이마트 나 여러 곳 연계 도 돼 니 좋 네요
positive	다른 옷 도 물건 도 가격 이 저렴 하 고 좋 아요
negative	원색 에 도전 했 는데 그런 데 로 좋 아요 블랙 이 너무 블랙 이 여서 아쉬웠 어요
positive	늘 사용 하 는 제품 이 에요 . 기대 되 요
negative	SSG 어 플 이랑 이마트 어 플 이랑 뭐 가 다른지 모르 겠 네요 ;; SSG 에서 도 이마트 몰 로 넘어가 고 물품 입 고 되 면 SSG 아이콘 으로 오 니까 그냥 SSG 어 플 사용 중 입니다
positive	정 확정
positive	ㅅ
positive	잘 사용 하 고 있 습니다 .
positive	1 . 잘 다운 된다 ! 2 . 상 품평 등록 시 날짜 빠른 순 으로 되 있 어서 주문 리스트 가 많 을 시 계속 눌러서 젤 오래 된 주문 내역 찾 아 평가 하 고 다시 또 리셋 되 어 또 같 은 걸 반복 하 게 되 어 있 어서 너무 불편 하 다 .
positive	친구 생일 이 라 선물 하 기 로 보냈 는데 물건 도 많 고 포인트 도 쓰 고 좋 네요 ~
negative	앱 은 안 보이 고 앱 스토어 에서 는 열기 로 실행 이 되 고 있 네요 . . 앱 아이콘 보이 게 하 고 싶 은데 어떻게 해야 할까요 . ..
positive	너무 친절 하 시 고 좋 아요 ~
positive	이용 하 기 편합니다 ~
positive	주로 흰색 운동화 를 좋아하 는 데 질리 지 않 게 예쁘 게 빤짝 이 포인트 를 준 신발 을 신 으니 기분 이 다르 네요 . 은근 한 화려 함 이 기분 을 업 시키 네요 . 끈 에 도 글자 를 넣 어서 심심 하 지 않 고 세련 되 게 신 을 수 있 어서 더 좋 네요 ~
negative	쓱 페이도 극 혐 . .. 뭐 살 려고 하 면 인증 을 뭐 그리 해야 하 는지 . .. 제발 아마존 에서 한 번 만 결제 해 보 고 반성 해 보 길 바랍니다
positive	기록 삭제 부탁 ~~~
positive	감사 ^^ 사용 하 여 보 고 평가 를
positive	좋 음
negative	또 품절 이 래 . 글 보 니 나 만 그런 게 아니 네요 .
positive	좋 은 상품 을 구매 하 겠 습니다
positive	좋 아요
negative	별루 ㅜㅜ
positive	●☆☆☆☆
negative	항상 날 실망 시키 는 곳 . 지르 기 만 하 면 없 대 . 재고 없 어도 1 주일 뒤 에 연락 오 는 곳 . 확인 이라도 빨리 하 든가 . 무조건 미안 하 다고 땡 . 기다린 사람 만 호구 되 는 곳 .
positive	좋 음
negative	오늘 겪 은 일 진짜 다 토해 내 서라도 말 하 고 싶 은데 진짜 별루 네요 사이트 에서 잘못 일 었 난 던 일 을 왜 제 가 사과 해야 하 죠 ? 사과 의 한 마디 없이 무슨 배송 비 를 추가 해야 한다는 한마디 뿐 ㅌㅋㅋㅋㅋ그결제한만큼 다시 입금 하 면 되 는데 배송 비 를 내래 ㅋㅋㅋ ㅋㅋ 개 어이없 어 짜증 나 서 회원 탈퇴 햇 구요 두 번 다신 이용 안 하 고 싶 네요 ㅎ . ㅎ 홍보 도 거짓 없이 했 으면 좋 겠 당 ~!
positive	카드 행사 나 쿠폰 을 자주 발행 해 주 시 면 더욱이 이용 이 빈번 해질 거 같 습니다
negative	자꾸 꺼져 요 한 30 분 정도 보 고 있 으면 계속 꺼지 네요
negative	이제 와서 제품 이 없 다고요 . 해도 너무 하 시 는군요 . 왕 치사 ~
negative	ㄹ ㅌㆍㄴ 아 최대 한 ㅠ . ㅠ 오늘
positive	편리 해서 좋 아요
negative	주문 결제 일 주일 만 에 한다는 소리 가 재고 가 없 어서 못 보내 겠 다는 건 너무 하 는 거 아닌가요 ? ? 전화 해서 미안 하 다는 것 도 아니 고 톡 으로 그냥 통보 하 고 말 면 끝 입니까 ? ? 몇 일 날 발송 된다고 표시 도 하 지 말 았 어야지요 . . 아주 . . 진짜 . . 최악 입니다 ! !!
positive	공유 . ..❤❤❤
negative	카카오 캐시 안 들어왔 어요
negative	광고 좀 그만 뜨 게 해 봐 영화 도 못 보 겠 네 광고 하 는 거 같 은데 더 정 떨어진다
negative	아니 문화 상품권 사용 방법 이 너무 불편 해요 ; 그냥 번호 입력 하 면 돈 이 들어오 게 하 면 되 지 굳이 등기우편 으로 붙이 고 . .;; 그냥 없 애도 아무 도 필요 치 않 을 거 같 네요 ㅠ
positive	자주 이용 하 고 싶 은데 아이폰 에서 결제 할 수 있 는 게 휴대폰 소액결제 뿐 이 네요
positive	좋 은 어 플 만들 어 주 셔서 감사 합니다 ㅎ 쇼핑 하 기 좋 은 거 같 아요 ㅎ 역시 쓱 ㅋㅋ
negative	웹 에서 앱 까 는 거 유도 하 려면 이마트 는 이마트 로 ssg 는 ssg 로 효율 적 이 게 좀 손보 세요 이마트 로 들어갔 는데 앱 은 이 앱 을 깔 아야 하 고 다시 이마트 로 접속 되 게 분리 해 놓 구 용량 차지 하 고 효율 없 고 오류 쩔 고 ㅡㅡ머하시는건지ㅜ
negative	마케팅 한답시고 거슬리 게 폰 킬 때 마다 광고 띄우 지 말 고 끄 지라
negative	다운로드 가 안 되 요
negative	대체 어떤 빡 대가리 로 만든지 너무나 도 감탄 밖에 나오 지 가 않 네요 아주 대단 해요 대단 합니다 쓱 ~ 대충 만들 고 쓱 ~ 월급 루 팡 하 는 개발 팀 사원 너무 대단 하 셔서 눈물 밖에 안 나옵니다 .
negative	로그인 접속 이 지연 된데요 . 로그인 이 안 되 네요
positive	에스에스 쥐 스윽
negative	인증 오류 너무 심하 고 로딩 속도 너무 길 어요 경쟁사 어 플 벤치마킹 이 라도 하 시 길
negative	핸 펀 엄청 느려 지 게 함 . . 백 그라운드 에서 뭘 하 시 는 지 . .
positive	걍 쓸 만 함
negative	아니 신세계백화점 가입 을 하 려고 하 는데 인터넷 페이지 가 지 맘대로 갑자기 5 초 마다 한 번 씩 새로 고침 됨 ㅋㅋㅋ ㅋㅋ 개 어 이 털리 네 페이지 를 뭔 그 따구 로 만들 어 놓 으십니까 ? 지금 20 번 째 새로 시도 중 인데 더러워서 때려 칠 랍니다 . 앞 으로 는 이벤트 를 하 실 거 면 일단 페이지 부터 제대로 만들 고 실행 시키 시 길 . 뭐 난 새로 이벤트 한 대 도 안 할 거 지만 .
negative	ㅡㅡ 아이디 찾 기 부터 안 됨 본인 인증 처리 에 실패 내 가 나 인 걸 어찌 증명 해야 함 ? ? 제대로 적어도 안 되 고 회원 가입 으로 해도 안 되 고
negative	이거 앱 으로서 역할 을 하 는지 의문 그냥 없 에세 요
positive	....... 좋 아요
negative	어 플 이 점점 느려 짐 . . 목록 에서 장바구니 바로 보내 는 기능 은 가끔 안 될 때 가 있 음 .
negative	이마트 고객 임 돠
negative	결제 수단 이 너무 제한 적 인 것 같 습니다 .
negative	한 번 에 쓱 ᆢ 가능 ~~
positive	좋 아요
positive	수고 하 세요
negative	무슨 있 는 게 없 어
positive	보 기
positive	굿 . ..
positive	좋 아요
negative	결재 . 진짜 . 한 번 에 되 지 도 않 고 , 이 따구 로 만들 바 엔 pc 로 주문 하 던지 전화 주문 하 게 놔 둬라 .
negative	갑자기 엄청 느려 짐 . 화면 내리 는 데 도 갑자기 위 로 올라가 고 엉망진창
positive	Good
positive	좋 아요
positive	굳 뜨
positive	좋 습니다 .
negative	결재 를 하 려면 다섯 번 이상 은 꺼져 요 카드 결재 하 기 힘들 어서 글 써 보 기 는 처음 이 예요 제발 결재 좀 해 보 세요 사용 자 가 얼마나 속터지 는지 느 려두 결재 는 한방 에 되 야 하 는 거 아니 예요 ?
negative	로고 가 안 예뻐요
negative	카카오 케 쉬 왜 지급 안 하 나요 그것 때문 에 깐 건데
positive	좋 아요
positive	사용 자 친화 적 으로 환경 개선 해 줬 으면 합니다 ! ~
positive	자주 애용 하 고 있 습니다
positive	내 가 착해서 깔 아 준다
positive	좋 아요 좋 아 ㅣ
positive	.. .
positive	백화점 과 마트 를 모두 이용 할 수 있 어 좋 아요
negative	인터넷 뉴스 좀 볼 라 하 면 이 광고 떠서 드럽 고 치사 해서 깜
negative	카카오 페이지 통해서 깐 건데 왜 캐 쉬 안 주 나요
negative	어 플 너무 느 랴 요
positive	애용 합니다 .
negative	계속 해서 메인 화면 으로 돌아갑니다 ㅡㅡ 주문 을 하 다가 다른 앱 잠깐 보 고 오 면 메인 화면 으로 돌아가 있 고 ㅡㅡ 심지어 ssg 페이 앱 으로 결제 를 하 고 ssg 앱 으로 자동 으로 돌아왔 는데 결제 완료 버튼 이 안 뜨 고 또 메인 화면 으로 돌아와 있 네요 . ... 그래서 다시 처음 부터 제품 찾 아서 결제 해야 했 고요 . .. 앱 을 왜 이렇게 만드신 건지 ? ?? 이 부분 해결 좀 해 주 세요 진짜 서터 레스 . ..!!!
positive	참 편리 한 세상 이런 기분 처음 이 라 너무 좋 네요
positive	좋 아요
positive	할인 이 많 고 보 기 편해서 자주 이용 하 게 됩니다
positive	좋 습니다 좋 아요 저렴 하 네요
negative	업데이트 이후 장바구니 에서 계속 에러 나 네요 수정 해 주 세요
